date,entity_id,metric_name,primary_value,comparison_value,volume,defect_rate_pct,automation_minutes_saved,quality_score,priority_score
2026-01-01,ENT001,backlog_age,129,150,2386,5.18,28,88,54
2026-01-01,ENT002,qa_defect_rate,131,118,3386,8.17,165,76,45
2026-01-01,ENT003,automation_savings,87,74,1814,7.62,226,79,40
2026-01-01,ENT004,metric_certification,132,129,4163,9.31,211,75,68
2026-01-01,ENT005,gross_margin,249,274,7318,3.93,49,91,48
2026-01-01,ENT006,qa_defect_rate,100,107,3241,4.39,26,87,39
2026-01-01,ENT007,gross_margin,162,186,8742,2.66,182,92,30
2026-01-01,ENT008,automation_savings,81,101,4387,2.23,77,97,19
2026-01-01,ENT009,backlog_age,268,340,5519,9.06,49,74,44
2026-01-01,ENT010,launch_readiness,273,270,6742,7.15,90,80,35
2026-01-01,ENT011,gross_margin,199,213,5000,9.65,224,71,46
2026-01-01,ENT012,gross_margin,178,139,3151,3.53,95,91,48
2026-01-01,ENT013,automation_savings,84,107,2943,8.81,52,78,69
2026-01-01,ENT014,gross_margin,120,136,5245,5.36,92,91,39
2026-01-01,ENT015,gross_margin,126,112,8598,13.28,54,64,80
2026-01-01,ENT016,backlog_age,188,164,6097,1.8,186,99,7
2026-01-01,ENT017,metric_certification,191,239,7358,3.8,233,95,38
2026-01-01,ENT018,automation_savings,243,277,5298,6.79,27,83,35
2026-01-01,ENT019,launch_readiness,249,232,3680,10.61,203,74,50
2026-01-01,ENT020,automation_savings,151,134,7298,4.54,79,89,43
2026-01-01,ENT021,qa_defect_rate,173,144,1581,7.06,226,80,41
2026-01-01,ENT022,backlog_age,226,210,1880,12.14,151,70,62
2026-01-01,ENT023,automation_savings,182,167,2960,11.12,206,73,75
2026-01-01,ENT024,qa_defect_rate,165,173,7099,12.11,214,66,78
2026-01-02,ENT001,launch_readiness,209,155,5925,5,40,89,21
2026-01-02,ENT002,metric_certification,141,180,5162,1.97,67,96,16
2026-01-02,ENT003,launch_readiness,130,155,3124,10.66,203,68,56
2026-01-02,ENT004,launch_readiness,168,121,3198,4.79,154,90,24
2026-01-02,ENT005,metric_certification,209,245,6830,9.42,56,73,50
2026-01-02,ENT006,automation_savings,116,117,4827,1.75,95,99,25
2026-01-02,ENT007,metric_certification,250,240,2671,4.48,23,87,35
2026-01-02,ENT008,gross_margin,155,194,8483,7.73,179,82,39
2026-01-02,ENT009,launch_readiness,253,299,1473,5.51,121,89,54
2026-01-02,ENT010,metric_certification,121,110,5749,3.83,129,92,19
2026-01-02,ENT011,launch_readiness,217,241,1911,13.21,96,67,72
2026-01-02,ENT012,metric_certification,179,165,6436,12.97,142,63,71
2026-01-02,ENT013,automation_savings,151,148,6678,3.87,225,90,22
2026-01-02,ENT014,gross_margin,186,177,1236,6.44,99,85,43
2026-01-02,ENT015,metric_certification,88,77,2967,4.9,87,85,26
2026-01-02,ENT016,backlog_age,136,148,4648,5.46,158,87,28
2026-01-02,ENT017,qa_defect_rate,96,76,5404,14.45,49,64,75
2026-01-02,ENT018,metric_certification,178,142,8706,13.74,191,64,58
2026-01-02,ENT019,gross_margin,81,96,853,11.94,35,67,56
2026-01-02,ENT020,automation_savings,193,226,8065,2.03,146,99,17
2026-01-02,ENT021,launch_readiness,228,187,262,7.63,104,84,54
2026-01-02,ENT022,backlog_age,241,243,7249,9.73,170,71,43
2026-01-02,ENT023,gross_margin,153,193,1314,14.16,126,59,92
2026-01-02,ENT024,launch_readiness,144,124,1142,12.4,57,63,79
2026-01-03,ENT001,launch_readiness,208,152,4592,5.15,135,86,55
2026-01-03,ENT002,automation_savings,144,105,8989,10.34,59,70,61
2026-01-03,ENT003,gross_margin,206,190,2988,3.75,234,97,46
2026-01-03,ENT004,backlog_age,270,346,1368,13.17,102,66,63
2026-01-03,ENT005,automation_savings,77,60,6789,2.18,33,96,35
2026-01-03,ENT006,qa_defect_rate,142,151,5559,11.37,143,68,58
2026-01-03,ENT007,metric_certification,96,107,6326,11.31,153,73,47
2026-01-03,ENT008,launch_readiness,266,271,5744,12.86,68,65,67
2026-01-03,ENT009,qa_defect_rate,254,305,5979,6.23,64,84,56
2026-01-03,ENT010,metric_certification,119,139,3784,1.52,52,98,12
2026-01-03,ENT011,qa_defect_rate,270,297,4668,1.81,49,97,27
2026-01-03,ENT012,backlog_age,95,115,8621,12.84,229,63,71
2026-01-03,ENT013,automation_savings,249,281,3098,11.25,183,71,63
2026-01-03,ENT014,backlog_age,230,248,7845,14.38,136,61,80
2026-01-03,ENT015,qa_defect_rate,267,198,2088,4.63,237,87,20
2026-01-03,ENT016,gross_margin,212,216,1703,7.4,209,82,55
2026-01-03,ENT017,launch_readiness,166,138,897,10.54,35,75,43
2026-01-03,ENT018,qa_defect_rate,258,276,1429,11.41,90,72,45
2026-01-03,ENT019,backlog_age,219,215,4472,9.54,35,75,47
2026-01-03,ENT020,gross_margin,266,279,806,9.72,119,73,44
2026-01-03,ENT021,backlog_age,275,314,3936,9.81,95,73,52
2026-01-03,ENT022,launch_readiness,257,308,1259,12,98,71,65
2026-01-03,ENT023,metric_certification,208,233,1677,5.68,49,89,38
2026-01-03,ENT024,launch_readiness,178,187,1258,12.86,102,68,70
2026-01-04,ENT001,metric_certification,147,178,749,14.17,73,61,74
2026-01-04,ENT002,backlog_age,125,150,3569,2.4,149,96,14
2026-01-04,ENT003,qa_defect_rate,268,279,3211,7.6,119,80,38
2026-01-04,ENT004,launch_readiness,144,153,4658,2.77,105,96,36
2026-01-04,ENT005,launch_readiness,167,130,8441,2.1,52,94,42
2026-01-04,ENT006,qa_defect_rate,245,277,1943,13.75,35,60,85
2026-01-04,ENT007,metric_certification,163,189,2555,3.23,230,92,28
2026-01-04,ENT008,metric_certification,199,167,1038,10.3,108,75,44
2026-01-04,ENT009,backlog_age,237,299,1329,3.48,35,95,29
2026-01-04,ENT010,launch_readiness,197,152,5160,5.11,37,88,23
2026-01-04,ENT011,launch_readiness,256,205,3924,5.9,57,86,30
2026-01-04,ENT012,backlog_age,220,227,4540,7.18,122,83,29
2026-01-04,ENT013,backlog_age,208,152,140,8.59,168,82,39
2026-01-04,ENT014,gross_margin,266,197,1509,6.39,238,85,44
2026-01-04,ENT015,metric_certification,212,210,4420,2.33,107,93,13
2026-01-04,ENT016,automation_savings,145,123,8821,10.04,190,71,65
2026-01-04,ENT017,qa_defect_rate,99,116,657,7.08,62,87,46
2026-01-04,ENT018,launch_readiness,145,120,3390,14.43,71,65,73
2026-01-04,ENT019,gross_margin,76,81,2962,4.61,119,90,50
2026-01-04,ENT020,qa_defect_rate,180,167,4887,2.4,161,96,11
2026-01-04,ENT021,backlog_age,90,112,471,14.01,156,60,68
2026-01-04,ENT022,launch_readiness,233,261,2716,5.93,142,88,24
2026-01-04,ENT023,automation_savings,274,249,276,11.26,206,73,77
2026-01-04,ENT024,metric_certification,159,173,7857,12.66,141,64,85
2026-01-05,ENT001,launch_readiness,98,123,7907,4.82,124,90,37
2026-01-05,ENT002,metric_certification,124,108,6593,2.49,173,99,17
2026-01-05,ENT003,qa_defect_rate,105,109,7824,7.15,174,82,49
2026-01-05,ENT004,gross_margin,190,163,3442,10.12,42,72,42
2026-01-05,ENT005,backlog_age,202,208,6342,6.34,14,83,49
2026-01-05,ENT006,backlog_age,114,84,1638,5.62,151,87,55
2026-01-05,ENT007,backlog_age,108,85,3198,2.57,199,99,34
2026-01-05,ENT008,automation_savings,221,261,1464,8.98,36,74,64
2026-01-05,ENT009,gross_margin,219,193,7722,5.79,20,90,37
2026-01-05,ENT010,launch_readiness,127,140,7498,9.69,91,71,64
2026-01-05,ENT011,gross_margin,127,157,1482,7.19,149,82,46
2026-01-05,ENT012,metric_certification,258,271,179,3.3,99,94,29
2026-01-05,ENT013,gross_margin,129,154,7969,2.8,26,98,42
2026-01-05,ENT014,launch_readiness,144,140,5495,1.98,43,99,41
2026-01-05,ENT015,automation_savings,170,204,1731,4.05,40,91,29
2026-01-05,ENT016,qa_defect_rate,149,128,4112,6.06,238,86,34
2026-01-05,ENT017,automation_savings,74,88,4814,9.35,62,73,57
2026-01-05,ENT018,automation_savings,202,152,1060,1.65,88,99,10
2026-01-05,ENT019,gross_margin,197,232,4814,1.62,30,99,14
2026-01-05,ENT020,backlog_age,230,173,6221,10.12,38,75,46
2026-01-05,ENT021,automation_savings,151,192,6721,10.87,76,74,42
2026-01-05,ENT022,launch_readiness,181,203,5898,7.75,109,81,40
2026-01-05,ENT023,automation_savings,113,131,4491,7.74,198,83,36
2026-01-05,ENT024,gross_margin,247,282,5738,14.23,26,59,90
2026-01-06,ENT001,qa_defect_rate,187,236,6126,5.11,162,85,35
2026-01-06,ENT002,backlog_age,234,197,2305,12.25,25,69,61
2026-01-06,ENT003,automation_savings,207,226,5252,3.63,84,90,40
2026-01-06,ENT004,launch_readiness,220,231,8164,10.04,78,70,46
2026-01-06,ENT005,metric_certification,176,172,6196,2.27,105,97,10
2026-01-06,ENT006,qa_defect_rate,139,164,5609,12.97,13,66,57
2026-01-06,ENT007,metric_certification,70,67,4481,8.92,59,81,54
2026-01-06,ENT008,gross_margin,225,209,7432,8.07,103,78,40
2026-01-06,ENT009,automation_savings,275,231,2991,11.92,63,66,76
2026-01-06,ENT010,metric_certification,163,147,1730,13.63,53,62,64
2026-01-06,ENT011,qa_defect_rate,103,78,1375,3.63,183,94,46
2026-01-06,ENT012,qa_defect_rate,180,167,3750,11.75,40,70,64
2026-01-06,ENT013,qa_defect_rate,163,205,3301,4,112,92,33
2026-01-06,ENT014,metric_certification,199,255,700,10.87,158,74,46
2026-01-06,ENT015,gross_margin,229,238,5859,6.14,206,89,31
2026-01-06,ENT016,qa_defect_rate,278,264,3594,4.38,90,95,19
2026-01-06,ENT017,launch_readiness,111,108,6810,12.87,19,63,77
2026-01-06,ENT018,gross_margin,198,218,981,7.18,146,79,30
2026-01-06,ENT019,launch_readiness,102,128,2913,8.27,25,77,45
2026-01-06,ENT020,gross_margin,119,139,1873,14.19,28,65,87
2026-01-06,ENT021,backlog_age,127,122,6093,7.27,153,81,29
2026-01-06,ENT022,automation_savings,167,187,7311,10.97,95,67,47
2026-01-06,ENT023,metric_certification,188,160,6088,14.19,139,65,64
2026-01-06,ENT024,qa_defect_rate,225,214,8691,10.25,121,77,64
2026-01-07,ENT001,metric_certification,165,185,4457,7.33,115,84,45
2026-01-07,ENT002,metric_certification,171,214,3935,10.52,112,71,46
2026-01-07,ENT003,gross_margin,257,249,3987,14.48,51,59,75
2026-01-07,ENT004,backlog_age,97,101,4738,6.56,206,85,28
2026-01-07,ENT005,backlog_age,133,102,7020,6.56,111,82,43
2026-01-07,ENT006,launch_readiness,116,131,8134,13.03,113,65,85
2026-01-07,ENT007,qa_defect_rate,243,262,4864,12.11,97,69,74
2026-01-07,ENT008,metric_certification,154,125,3742,9.99,158,70,56
2026-01-07,ENT009,gross_margin,101,94,2874,10.89,35,68,68
2026-01-07,ENT010,metric_certification,182,228,7778,5.55,42,85,28
2026-01-07,ENT011,backlog_age,245,304,946,9.43,74,78,42
2026-01-07,ENT012,backlog_age,228,239,7859,7.32,109,82,64
2026-01-07,ENT013,backlog_age,90,85,761,12.6,157,63,54
2026-01-07,ENT014,metric_certification,175,128,5930,7.05,105,85,33
2026-01-07,ENT015,gross_margin,97,89,4112,8.18,152,82,38
2026-01-07,ENT016,automation_savings,207,234,7677,4.18,223,89,47
2026-01-07,ENT017,automation_savings,68,87,2314,3.4,206,94,12
2026-01-07,ENT018,automation_savings,173,204,3006,3.39,84,94,20
2026-01-07,ENT019,gross_margin,228,171,1291,9.51,192,74,58
2026-01-07,ENT020,gross_margin,250,185,8978,12.14,12,64,82
2026-01-07,ENT021,automation_savings,170,126,2061,13.37,60,65,59
2026-01-07,ENT022,metric_certification,96,112,5692,12.3,20,68,60
2026-01-07,ENT023,backlog_age,156,123,7987,13.95,201,61,71
2026-01-07,ENT024,metric_certification,147,140,5974,9.64,162,78,68
2026-01-08,ENT001,gross_margin,266,250,5260,6.98,198,84,47
2026-01-08,ENT002,gross_margin,136,167,186,5.43,214,85,36
2026-01-08,ENT003,launch_readiness,207,232,5832,8.42,104,77,35
2026-01-08,ENT004,qa_defect_rate,171,154,8070,6.99,22,83,39
2026-01-08,ENT005,automation_savings,174,219,1140,13.09,105,65,69
2026-01-08,ENT006,backlog_age,112,119,5719,12.29,90,64,57
2026-01-08,ENT007,automation_savings,229,291,5034,5.21,200,90,28
2026-01-08,ENT008,gross_margin,224,253,4182,7.43,111,82,52
2026-01-08,ENT009,gross_margin,93,101,7504,7.96,96,78,53
2026-01-08,ENT010,gross_margin,118,140,3194,3.3,239,91,19
2026-01-08,ENT011,automation_savings,235,176,8689,3.04,22,98,13
2026-01-08,ENT012,gross_margin,266,213,7339,7.06,72,84,28
2026-01-08,ENT013,launch_readiness,169,159,8285,6.24,175,88,55
2026-01-08,ENT014,backlog_age,85,67,6544,6.77,150,82,55
2026-01-08,ENT015,gross_margin,184,149,3868,13,162,64,54
2026-01-08,ENT016,automation_savings,96,97,1161,7.89,32,78,51
2026-01-08,ENT017,gross_margin,71,56,7068,8.96,39,78,59
2026-01-08,ENT018,metric_certification,220,213,296,4.89,22,93,25
2026-01-08,ENT019,gross_margin,204,200,6212,6.56,216,88,48
2026-01-08,ENT020,launch_readiness,219,208,2299,4.79,154,89,19
2026-01-08,ENT021,backlog_age,275,319,333,3.55,213,94,34
2026-01-08,ENT022,metric_certification,141,130,2008,11.75,92,71,64
2026-01-08,ENT023,qa_defect_rate,156,129,6415,6.6,156,81,33
2026-01-08,ENT024,qa_defect_rate,119,139,6918,11.57,173,71,51
2026-01-09,ENT001,qa_defect_rate,133,122,4206,2.83,227,99,29
2026-01-09,ENT002,launch_readiness,168,203,8749,8.33,167,77,52
2026-01-09,ENT003,qa_defect_rate,278,289,5902,9.38,100,74,67
2026-01-09,ENT004,launch_readiness,199,175,8534,8.89,88,81,51
2026-01-09,ENT005,metric_certification,238,281,951,6,215,85,58
2026-01-09,ENT006,qa_defect_rate,247,252,6022,7.49,92,81,61
2026-01-09,ENT007,automation_savings,116,139,7909,10.56,82,75,56
2026-01-09,ENT008,qa_defect_rate,272,332,6933,9.31,155,75,52
2026-01-09,ENT009,qa_defect_rate,268,222,1400,11.67,230,72,57
2026-01-09,ENT010,automation_savings,169,164,3440,2,195,99,13
2026-01-09,ENT011,metric_certification,240,211,8567,5.18,57,86,53
2026-01-09,ENT012,metric_certification,212,178,8176,5.28,207,91,21
2026-01-09,ENT013,qa_defect_rate,70,69,358,4.81,239,93,41
2026-01-09,ENT014,gross_margin,209,169,7968,3.5,156,91,41
2026-01-09,ENT015,automation_savings,93,74,5816,13.67,123,60,82
2026-01-09,ENT016,backlog_age,160,144,6755,8.16,111,83,45
2026-01-09,ENT017,launch_readiness,85,95,3363,8.82,131,76,43
2026-01-09,ENT018,backlog_age,271,317,6083,3.54,141,95,38
2026-01-09,ENT019,qa_defect_rate,144,163,8329,3.86,70,96,32
2026-01-09,ENT020,metric_certification,104,124,3432,9.18,218,77,49
2026-01-09,ENT021,backlog_age,271,339,8842,7.47,168,79,52
2026-01-09,ENT022,metric_certification,100,126,8376,12.54,119,64,57
2026-01-09,ENT023,gross_margin,167,154,8751,7.97,63,78,45
2026-01-09,ENT024,gross_margin,86,105,5242,5.47,232,85,42
2026-01-10,ENT001,automation_savings,108,93,8116,9.91,73,72,68
2026-01-10,ENT002,qa_defect_rate,145,168,4947,7.83,94,81,60
2026-01-10,ENT003,metric_certification,99,89,1538,5.6,183,85,41
2026-01-10,ENT004,backlog_age,205,162,7653,13.03,113,63,70
2026-01-10,ENT005,launch_readiness,100,111,3239,11.69,172,68,47
2026-01-10,ENT006,backlog_age,264,325,1089,11.62,100,67,62
2026-01-10,ENT007,backlog_age,258,328,798,1.74,201,97,33
2026-01-10,ENT008,metric_certification,190,207,3483,1.79,82,96,23
2026-01-10,ENT009,gross_margin,271,252,6994,7.76,25,78,61
2026-01-10,ENT010,launch_readiness,161,161,8367,13.01,203,67,66
2026-01-10,ENT011,gross_margin,265,292,4613,13.8,36,59,58
2026-01-10,ENT012,launch_readiness,253,210,744,12.53,166,63,75
2026-01-10,ENT013,automation_savings,163,155,7217,5.46,21,84,29
2026-01-10,ENT014,automation_savings,237,204,8938,6.99,47,85,31
2026-01-10,ENT015,qa_defect_rate,124,145,3954,6.53,207,88,47
2026-01-10,ENT016,launch_readiness,237,294,4798,13.95,195,59,59
2026-01-10,ENT017,gross_margin,130,161,2478,11.5,13,70,59
2026-01-10,ENT018,automation_savings,96,87,150,7.45,218,81,54
2026-01-10,ENT019,gross_margin,214,240,525,9.13,12,77,47
2026-01-10,ENT020,gross_margin,255,258,519,6.62,29,83,39
2026-01-10,ENT021,backlog_age,258,194,2075,6.01,227,89,53
2026-01-10,ENT022,metric_certification,255,250,3463,8.17,195,83,35
2026-01-10,ENT023,launch_readiness,222,262,6762,11.13,36,72,45
2026-01-10,ENT024,automation_savings,262,220,5815,10.01,19,76,51
2026-01-11,ENT001,automation_savings,155,195,8201,7.47,123,80,54
2026-01-11,ENT002,automation_savings,214,259,2011,8.8,172,78,39
2026-01-11,ENT003,automation_savings,213,219,1234,1.51,97,95,8
2026-01-11,ENT004,qa_defect_rate,271,306,263,10.49,90,76,54
2026-01-11,ENT005,backlog_age,238,281,7019,7.8,218,84,63
2026-01-11,ENT006,launch_readiness,176,157,3038,1.91,150,95,21
2026-01-11,ENT007,metric_certification,203,183,8919,7.58,158,78,34
2026-01-11,ENT008,backlog_age,136,124,5393,13.31,202,66,81
2026-01-11,ENT009,gross_margin,227,270,4346,11.28,38,70,56
2026-01-11,ENT010,metric_certification,186,238,2218,11.94,157,68,60
2026-01-11,ENT011,gross_margin,156,164,3090,4.1,102,90,18
2026-01-11,ENT012,gross_margin,201,233,4407,3.6,114,95,37
2026-01-11,ENT013,gross_margin,224,186,7808,8.58,164,76,56
2026-01-11,ENT014,qa_defect_rate,129,146,1501,4.22,30,92,25
2026-01-11,ENT015,backlog_age,202,236,3429,4.17,186,95,25
2026-01-11,ENT016,launch_readiness,217,200,4620,11.4,79,68,49
2026-01-11,ENT017,automation_savings,278,217,84,2.77,185,96,12
2026-01-11,ENT018,backlog_age,165,193,187,1.99,92,99,17
2026-01-11,ENT019,launch_readiness,204,200,4673,7.31,127,79,45
2026-01-11,ENT020,metric_certification,212,252,1777,7.64,149,84,51
2026-01-11,ENT021,backlog_age,175,208,1348,9.31,63,75,44
2026-01-11,ENT022,gross_margin,80,102,3847,8.37,14,76,47
2026-01-11,ENT023,backlog_age,192,142,3368,12.43,19,64,66
2026-01-11,ENT024,gross_margin,269,277,6817,8.12,183,81,66
2026-01-12,ENT001,backlog_age,80,86,6820,4.05,134,88,49
2026-01-12,ENT002,backlog_age,146,158,6484,6.35,183,87,33
2026-01-12,ENT003,metric_certification,143,109,6793,4.82,99,92,36
2026-01-12,ENT004,launch_readiness,98,88,1267,8.56,71,81,54
2026-01-12,ENT005,metric_certification,106,120,4617,14.23,198,59,73
2026-01-12,ENT006,backlog_age,264,275,8374,10.85,106,75,60
2026-01-12,ENT007,metric_certification,200,150,6200,8.16,68,76,48
2026-01-12,ENT008,qa_defect_rate,112,111,8610,10.54,192,71,68
2026-01-12,ENT009,launch_readiness,103,101,2506,14.47,198,63,65
2026-01-12,ENT010,qa_defect_rate,176,141,7145,3.65,235,90,35
2026-01-12,ENT011,automation_savings,241,248,3571,6.54,229,86,59
2026-01-12,ENT012,launch_readiness,134,163,5080,8.55,44,76,49
2026-01-12,ENT013,qa_defect_rate,83,64,1144,4.81,226,90,25
2026-01-12,ENT014,launch_readiness,111,93,6696,11.44,141,67,72
2026-01-12,ENT015,launch_readiness,92,72,2700,9.4,119,75,55
2026-01-12,ENT016,automation_savings,262,325,8861,2.96,69,94,32
2026-01-12,ENT017,automation_savings,226,280,3003,10.64,62,68,62
2026-01-12,ENT018,qa_defect_rate,140,113,8277,1.77,112,98,41
2026-01-12,ENT019,automation_savings,175,154,276,12.62,103,66,70
2026-01-12,ENT020,gross_margin,218,216,8730,13.06,58,63,54
2026-01-12,ENT021,backlog_age,229,208,3446,4.78,88,90,42
2026-01-12,ENT022,launch_readiness,178,217,1572,13.13,239,64,65
2026-01-12,ENT023,metric_certification,217,243,3715,11.44,12,71,49
2026-01-12,ENT024,gross_margin,215,269,8656,11.98,62,69,57
2026-01-13,ENT001,launch_readiness,169,181,8566,11.41,151,73,63
2026-01-13,ENT002,gross_margin,194,227,376,11.85,190,66,64
2026-01-13,ENT003,backlog_age,108,135,4408,13.5,48,60,70
2026-01-13,ENT004,gross_margin,90,78,1041,4.78,163,92,43
2026-01-13,ENT005,gross_margin,72,60,8430,2.11,239,99,15
2026-01-13,ENT006,qa_defect_rate,217,258,6916,9.18,120,75,69
2026-01-13,ENT007,gross_margin,119,127,4478,12.82,103,62,54
2026-01-13,ENT008,launch_readiness,168,202,2396,2.4,19,96,32
2026-01-13,ENT009,automation_savings,131,122,3835,12.87,36,62,65
2026-01-13,ENT010,automation_savings,117,113,2929,9.26,218,75,41
2026-01-13,ENT011,gross_margin,255,240,7859,2.82,217,96,41
2026-01-13,ENT012,automation_savings,186,203,8746,8.67,234,79,36
2026-01-13,ENT013,backlog_age,272,288,6313,14.04,51,60,79
2026-01-13,ENT014,automation_savings,249,256,3187,9.12,18,79,45
2026-01-13,ENT015,backlog_age,256,312,2456,2.32,119,99,14
2026-01-13,ENT016,launch_readiness,154,126,4549,7.3,75,82,59
2026-01-13,ENT017,qa_defect_rate,155,135,2445,14.39,29,61,66
2026-01-13,ENT018,metric_certification,169,184,1972,11.65,229,66,64
2026-01-13,ENT019,automation_savings,240,281,4747,3.51,140,94,33
2026-01-13,ENT020,gross_margin,137,126,7291,13.91,207,59,82
2026-01-13,ENT021,automation_savings,251,291,7385,9.05,91,77,59
2026-01-13,ENT022,qa_defect_rate,132,152,8758,12.68,223,65,69
2026-01-13,ENT023,qa_defect_rate,276,317,6263,10.99,73,72,73
2026-01-13,ENT024,metric_certification,260,291,5053,11,191,71,52
2026-01-14,ENT001,backlog_age,119,126,2417,5.56,44,85,48
2026-01-14,ENT002,qa_defect_rate,238,219,3611,13.9,87,64,60
2026-01-14,ENT003,gross_margin,169,171,344,2.74,86,96,20
2026-01-14,ENT004,backlog_age,272,234,1108,12.96,73,64,78
2026-01-14,ENT005,automation_savings,129,106,6321,10.85,73,68,65
2026-01-14,ENT006,metric_certification,210,204,8550,9.89,171,73,72
2026-01-14,ENT007,automation_savings,102,117,8904,8.12,35,76,51
2026-01-14,ENT008,automation_savings,197,199,4999,14.07,161,63,71
2026-01-14,ENT009,launch_readiness,171,217,4005,5.24,51,89,42
2026-01-14,ENT010,gross_margin,262,278,7263,14.14,169,66,60
2026-01-14,ENT011,automation_savings,206,173,2148,3.91,152,92,23
2026-01-14,ENT012,gross_margin,115,117,5781,1.51,109,99,17
2026-01-14,ENT013,gross_margin,83,83,8950,7.43,224,79,55
2026-01-14,ENT014,metric_certification,234,281,7553,7,38,83,29
2026-01-14,ENT015,gross_margin,134,145,5614,5.25,131,86,49
2026-01-14,ENT016,backlog_age,162,196,7704,7.34,60,79,42
2026-01-14,ENT017,gross_margin,83,71,770,9.53,75,73,72
2026-01-14,ENT018,metric_certification,236,274,5654,13.75,222,64,77
2026-01-14,ENT019,automation_savings,134,155,2050,13.69,39,63,78
2026-01-14,ENT020,backlog_age,102,109,3445,4.51,190,89,21
2026-01-14,ENT021,backlog_age,125,140,5490,3.02,143,97,37
2026-01-14,ENT022,qa_defect_rate,224,220,4070,13.52,58,59,82
2026-01-14,ENT023,gross_margin,187,180,2779,4.17,89,92,41
2026-01-14,ENT024,backlog_age,186,171,877,10.87,23,72,46
2026-01-15,ENT001,qa_defect_rate,111,108,6346,4.78,201,93,51
2026-01-15,ENT002,launch_readiness,207,207,2660,4.37,54,95,16
2026-01-15,ENT003,metric_certification,224,206,3091,3,185,92,19
2026-01-15,ENT004,launch_readiness,79,66,5223,11.15,25,67,70
2026-01-15,ENT005,gross_margin,108,137,6228,5.09,170,90,42
2026-01-15,ENT006,gross_margin,255,184,7552,3.21,66,98,13
2026-01-15,ENT007,automation_savings,125,118,93,9.91,150,73,60
2026-01-15,ENT008,backlog_age,144,164,1218,8.98,12,80,35
2026-01-15,ENT009,backlog_age,134,165,915,6.6,115,87,34
2026-01-15,ENT010,launch_readiness,276,293,4388,6.88,211,81,32
2026-01-15,ENT011,automation_savings,152,137,1621,11.01,178,74,67
2026-01-15,ENT012,qa_defect_rate,160,131,6629,13.88,60,65,60
2026-01-15,ENT013,launch_readiness,154,180,5841,11.36,19,67,67
2026-01-15,ENT014,metric_certification,239,234,2920,5.08,181,92,30
2026-01-15,ENT015,gross_margin,84,62,8402,4.78,155,91,43
2026-01-15,ENT016,launch_readiness,176,137,895,2.25,47,99,36
2026-01-15,ENT017,gross_margin,84,72,2570,7.83,13,79,52
2026-01-15,ENT018,qa_defect_rate,167,142,1334,6.42,157,81,53
2026-01-15,ENT019,backlog_age,80,73,5138,2.12,113,99,15
2026-01-15,ENT020,automation_savings,85,95,5407,8.4,115,82,57
2026-01-15,ENT021,qa_defect_rate,221,265,1238,9.83,144,76,68
2026-01-15,ENT022,launch_readiness,143,110,4086,12.38,124,68,53
2026-01-15,ENT023,launch_readiness,251,198,5101,13.3,231,62,54
2026-01-15,ENT024,qa_defect_rate,263,295,3228,7.5,206,79,42
2026-01-16,ENT001,gross_margin,164,143,4873,4.58,151,94,17
2026-01-16,ENT002,metric_certification,89,101,4065,4.36,98,90,21
2026-01-16,ENT003,gross_margin,224,197,5535,9,148,73,44
2026-01-16,ENT004,backlog_age,73,64,1531,6.65,68,84,59
2026-01-16,ENT005,metric_certification,109,85,475,4.71,146,87,26
2026-01-16,ENT006,launch_readiness,202,186,431,8.63,128,75,43
2026-01-16,ENT007,automation_savings,223,248,5495,11.27,106,71,56
2026-01-16,ENT008,qa_defect_rate,223,174,4844,5.8,165,85,47
2026-01-16,ENT009,automation_savings,199,149,3617,9.21,158,77,64
2026-01-16,ENT010,metric_certification,89,100,7536,5.36,67,87,46
2026-01-16,ENT011,metric_certification,206,183,5850,2.57,38,99,14
2026-01-16,ENT012,launch_readiness,187,185,6125,10.82,81,73,61
2026-01-16,ENT013,launch_readiness,100,115,4921,3.48,135,92,31
2026-01-16,ENT014,metric_certification,276,199,1406,6.59,28,85,50
2026-01-16,ENT015,backlog_age,82,60,359,3.73,21,91,45
2026-01-16,ENT016,automation_savings,144,114,4603,7.47,116,85,38
2026-01-16,ENT017,qa_defect_rate,69,86,5744,11.31,173,69,62
2026-01-16,ENT018,backlog_age,269,196,8935,4.27,155,90,23
2026-01-16,ENT019,qa_defect_rate,136,158,2434,8.99,52,75,70
2026-01-16,ENT020,backlog_age,111,99,5781,13.37,145,60,74
2026-01-16,ENT021,gross_margin,100,87,333,3.87,54,92,49
2026-01-16,ENT022,qa_defect_rate,277,202,852,9.25,171,78,69
2026-01-16,ENT023,qa_defect_rate,177,184,539,11.97,44,72,53
2026-01-16,ENT024,backlog_age,166,193,3594,13.08,78,62,80
2026-01-17,ENT001,metric_certification,136,135,2588,3.74,166,93,43
2026-01-17,ENT002,metric_certification,137,159,7677,12.25,56,71,65
2026-01-17,ENT003,gross_margin,175,163,2788,5.68,60,89,47
2026-01-17,ENT004,qa_defect_rate,228,276,7166,10,82,78,45
2026-01-17,ENT005,backlog_age,69,62,1459,6.86,129,80,63
2026-01-17,ENT006,metric_certification,172,184,3762,9.89,50,71,56
2026-01-17,ENT007,metric_certification,266,215,1268,8.52,76,80,33
2026-01-17,ENT008,gross_margin,271,255,5135,13.45,128,62,88
2026-01-17,ENT009,gross_margin,172,175,5550,8.6,166,81,64
2026-01-17,ENT010,automation_savings,118,109,5410,4.68,200,86,50
2026-01-17,ENT011,automation_savings,107,135,7720,12.3,217,70,76
2026-01-17,ENT012,metric_certification,114,123,1331,12.64,223,69,83
2026-01-17,ENT013,launch_readiness,236,288,7436,3.68,188,97,19
2026-01-17,ENT014,launch_readiness,197,177,8436,5.01,127,91,18
2026-01-17,ENT015,automation_savings,162,188,8933,8.19,71,82,39
2026-01-17,ENT016,qa_defect_rate,277,274,5856,2.66,173,93,12
2026-01-17,ENT017,qa_defect_rate,218,177,1504,12.24,27,64,84
2026-01-17,ENT018,launch_readiness,258,237,6008,12.18,168,70,73
2026-01-17,ENT019,gross_margin,201,221,2431,12.77,53,67,78
2026-01-17,ENT020,gross_margin,261,227,8322,10.49,47,72,66
2026-01-17,ENT021,qa_defect_rate,239,194,1793,1.8,115,95,26
2026-01-17,ENT022,backlog_age,210,248,6486,7.37,236,85,54
2026-01-17,ENT023,backlog_age,160,179,5389,3,42,98,14
2026-01-17,ENT024,automation_savings,271,328,4615,4.02,174,90,28
2026-01-18,ENT001,automation_savings,153,171,6312,4.27,118,90,37
2026-01-18,ENT002,launch_readiness,229,245,6660,3.65,49,94,38
2026-01-18,ENT003,automation_savings,136,170,1112,7.25,64,79,47
2026-01-18,ENT004,backlog_age,138,153,5812,9.01,231,78,45
2026-01-18,ENT005,backlog_age,197,211,5965,11.95,79,69,53
2026-01-18,ENT006,gross_margin,124,99,673,6.98,40,81,63
2026-01-18,ENT007,launch_readiness,179,175,1480,14.25,60,62,64
2026-01-18,ENT008,launch_readiness,181,192,2501,5.11,153,91,37
2026-01-18,ENT009,qa_defect_rate,125,141,2387,3.53,182,97,30
2026-01-18,ENT010,gross_margin,186,166,6780,3.21,220,91,42
2026-01-18,ENT011,launch_readiness,73,68,2343,12.16,119,71,48
2026-01-18,ENT012,automation_savings,128,97,464,3.88,137,93,16
2026-01-18,ENT013,backlog_age,72,90,7942,9.1,79,80,50
2026-01-18,ENT014,launch_readiness,121,121,4908,10.09,173,73,50
2026-01-18,ENT015,gross_margin,194,225,1362,14.49,21,57,63
2026-01-18,ENT016,launch_readiness,199,253,2833,9.75,184,71,58
2026-01-18,ENT017,qa_defect_rate,121,93,1130,6.14,18,86,54
2026-01-18,ENT018,launch_readiness,121,136,8016,12.25,201,64,59
2026-01-18,ENT019,qa_defect_rate,227,272,6933,8.16,147,78,60
2026-01-18,ENT020,metric_certification,238,281,1173,7.05,100,86,44
2026-01-18,ENT021,backlog_age,91,70,6861,10.49,170,76,44
2026-01-18,ENT022,automation_savings,221,208,8574,13.22,183,63,69
2026-01-18,ENT023,launch_readiness,232,262,2500,5.49,112,88,50
2026-01-18,ENT024,automation_savings,147,150,2241,12.01,175,69,61
2026-01-19,ENT001,metric_certification,181,215,7256,11.43,165,73,74
2026-01-19,ENT002,launch_readiness,83,83,5324,9.41,28,79,49
2026-01-19,ENT003,backlog_age,221,230,82,5.17,132,91,30
2026-01-19,ENT004,launch_readiness,99,106,1223,7.72,53,77,45
2026-01-19,ENT005,automation_savings,108,94,4089,10.6,237,73,43
2026-01-19,ENT006,automation_savings,69,70,3280,3.12,134,94,29
2026-01-19,ENT007,backlog_age,157,160,4589,5.29,115,89,43
2026-01-19,ENT008,qa_defect_rate,111,85,8502,9.2,89,76,55
2026-01-19,ENT009,metric_certification,185,165,946,9.03,80,75,37
2026-01-19,ENT010,launch_readiness,171,171,4809,2.56,19,98,42
2026-01-19,ENT011,launch_readiness,165,198,4902,3.35,114,98,28
2026-01-19,ENT012,gross_margin,255,242,5048,11.34,216,67,70
2026-01-19,ENT013,metric_certification,243,301,3224,7.14,221,86,39
2026-01-19,ENT014,backlog_age,222,275,709,8.81,145,75,65
2026-01-19,ENT015,backlog_age,105,119,634,9.2,101,73,72
2026-01-19,ENT016,backlog_age,232,253,4865,1.91,172,97,26
2026-01-19,ENT017,qa_defect_rate,280,216,293,4.77,190,93,22
2026-01-19,ENT018,metric_certification,112,133,5890,2.85,94,93,44
2026-01-19,ENT019,automation_savings,218,205,2131,6.12,192,87,38
2026-01-19,ENT020,qa_defect_rate,229,211,1470,13.6,181,61,79
2026-01-19,ENT021,gross_margin,241,280,1174,14.11,121,64,76
2026-01-19,ENT022,automation_savings,217,254,5853,10.54,164,70,77
2026-01-19,ENT023,launch_readiness,264,203,3711,2.75,196,99,28
2026-01-19,ENT024,launch_readiness,276,284,3570,6.96,46,86,38
2026-01-20,ENT001,gross_margin,238,171,7780,7.76,65,80,41
2026-01-20,ENT002,qa_defect_rate,113,137,1291,11.65,230,67,64
2026-01-20,ENT003,qa_defect_rate,167,127,1501,7.14,66,80,45
2026-01-20,ENT004,launch_readiness,244,293,8305,13.45,54,60,84
2026-01-20,ENT005,backlog_age,117,135,5996,9.72,219,75,46
2026-01-20,ENT006,metric_certification,75,81,8091,4.82,198,90,45
2026-01-20,ENT007,metric_certification,231,245,2363,13.72,128,63,69
2026-01-20,ENT008,backlog_age,276,251,1246,5.41,72,88,23
2026-01-20,ENT009,automation_savings,101,80,1359,4.35,17,93,40
2026-01-20,ENT010,automation_savings,221,183,3810,7.6,233,78,32
2026-01-20,ENT011,gross_margin,65,47,6051,3.33,174,97,16
2026-01-20,ENT012,backlog_age,144,153,996,13.08,225,68,83
2026-01-20,ENT013,backlog_age,151,119,1218,14.45,174,59,70
2026-01-20,ENT014,automation_savings,83,68,7956,4.41,80,92,25
2026-01-20,ENT015,qa_defect_rate,87,90,5208,8.17,138,77,58
2026-01-20,ENT016,qa_defect_rate,106,124,5670,7.58,214,77,35
2026-01-20,ENT017,gross_margin,177,207,5814,10.15,187,76,74
2026-01-20,ENT018,launch_readiness,108,120,1712,11.58,195,66,58
2026-01-20,ENT019,metric_certification,235,251,3211,7.85,103,80,45
2026-01-20,ENT020,gross_margin,260,265,1817,4.94,229,86,55
2026-01-20,ENT021,launch_readiness,251,218,8278,13.03,153,64,87
2026-01-20,ENT022,metric_certification,156,148,8210,12.32,158,70,75
2026-01-20,ENT023,gross_margin,182,180,5248,7.37,68,78,63
2026-01-20,ENT024,metric_certification,120,152,93,14.05,36,62,56
2026-01-21,ENT001,launch_readiness,184,193,3555,5.01,89,86,51
2026-01-21,ENT002,backlog_age,144,143,3334,8.73,35,80,40
2026-01-21,ENT003,backlog_age,194,198,481,11.12,179,73,52
2026-01-21,ENT004,backlog_age,114,133,8511,10.73,115,73,51
2026-01-21,ENT005,launch_readiness,162,199,6243,6.44,156,81,48
2026-01-21,ENT006,launch_readiness,260,270,4922,8.8,153,74,66
2026-01-21,ENT007,gross_margin,274,216,6641,9.87,44,78,66
2026-01-21,ENT008,launch_readiness,85,70,5673,2.64,69,95,36
2026-01-21,ENT009,qa_defect_rate,108,98,5988,11.03,206,69,60
2026-01-21,ENT010,backlog_age,106,128,1403,13.43,186,60,89
2026-01-21,ENT011,metric_certification,156,168,7592,6.8,101,80,32
2026-01-21,ENT012,qa_defect_rate,144,170,3213,3.39,216,97,19
2026-01-21,ENT013,launch_readiness,111,81,3170,11.9,237,66,80
2026-01-21,ENT014,backlog_age,200,158,5316,3.37,70,90,27
2026-01-21,ENT015,gross_margin,174,172,6850,4.46,21,88,28
2026-01-21,ENT016,launch_readiness,248,310,1199,6.42,220,82,40
2026-01-21,ENT017,gross_margin,207,161,8902,1.56,166,96,37
2026-01-21,ENT018,qa_defect_rate,257,262,8714,4.31,227,88,51
2026-01-21,ENT019,automation_savings,176,136,824,4.81,80,90,38
2026-01-21,ENT020,automation_savings,195,172,5967,11.12,237,73,67
2026-01-21,ENT021,backlog_age,167,194,428,10.9,54,74,67
2026-01-21,ENT022,automation_savings,265,315,1002,8.79,200,76,47
2026-01-21,ENT023,launch_readiness,179,215,5572,9.18,14,74,59
2026-01-21,ENT024,backlog_age,269,207,3369,9.71,224,76,51
2026-01-22,ENT001,launch_readiness,143,123,1403,5.21,110,89,50
2026-01-22,ENT002,automation_savings,268,239,4615,2.26,20,96,42
2026-01-22,ENT003,gross_margin,147,128,3286,5.31,159,85,37
2026-01-22,ENT004,backlog_age,167,130,3366,13.36,171,61,75
2026-01-22,ENT005,automation_savings,236,260,1614,14.16,231,59,67
2026-01-22,ENT006,automation_savings,153,168,3661,2.06,207,95,12
2026-01-22,ENT007,backlog_age,209,238,4730,6.32,90,81,36
2026-01-22,ENT008,launch_readiness,72,78,4353,13.09,101,67,62
2026-01-22,ENT009,backlog_age,280,252,1581,1.83,235,96,10
2026-01-22,ENT010,qa_defect_rate,79,69,6361,5.41,170,86,52
2026-01-22,ENT011,launch_readiness,229,270,4639,11.73,208,70,75
2026-01-22,ENT012,backlog_age,227,222,2075,5.82,66,83,31
2026-01-22,ENT013,backlog_age,276,259,3635,9.66,84,75,70
2026-01-22,ENT014,qa_defect_rate,262,317,445,2.44,38,96,17
2026-01-22,ENT015,launch_readiness,236,293,8481,7.42,149,82,30
2026-01-22,ENT016,qa_defect_rate,68,84,7469,7.36,154,79,30
2026-01-22,ENT017,launch_readiness,174,141,3000,13.51,114,64,75
2026-01-22,ENT018,metric_certification,114,135,6679,2.15,198,99,38
2026-01-22,ENT019,qa_defect_rate,208,223,5694,4.71,153,88,23
2026-01-22,ENT020,gross_margin,168,195,2066,13.43,27,61,58
2026-01-22,ENT021,metric_certification,88,106,5630,1.62,123,99,17
2026-01-22,ENT022,metric_certification,180,223,7496,6.45,157,82,45
2026-01-22,ENT023,backlog_age,73,70,5369,14.27,147,57,85
2026-01-22,ENT024,qa_defect_rate,77,74,427,12.62,63,64,76
2026-01-23,ENT001,automation_savings,82,98,1452,13.62,57,62,80
2026-01-23,ENT002,backlog_age,203,209,525,10.11,138,73,58
2026-01-23,ENT003,qa_defect_rate,138,166,569,7.18,207,81,60
2026-01-23,ENT004,metric_certification,265,297,5545,12.4,217,63,83
2026-01-23,ENT005,backlog_age,169,154,8965,10.53,233,75,59
2026-01-23,ENT006,gross_margin,198,206,7504,13.83,168,64,58
2026-01-23,ENT007,metric_certification,231,229,4009,5.91,96,83,50
2026-01-23,ENT008,qa_defect_rate,184,134,8845,13.16,18,66,76
2026-01-23,ENT009,metric_certification,97,108,3880,4.76,205,94,49
2026-01-23,ENT010,automation_savings,235,214,2925,11.17,80,67,58
2026-01-23,ENT011,launch_readiness,127,154,3456,6.31,183,86,57
2026-01-23,ENT012,backlog_age,203,171,8024,8.17,170,81,57
2026-01-23,ENT013,backlog_age,209,180,8319,8.11,128,84,48
2026-01-23,ENT014,launch_readiness,228,262,3231,1.6,192,98,11
2026-01-23,ENT015,gross_margin,199,211,6327,3.62,66,93,28
2026-01-23,ENT016,backlog_age,102,114,7052,9.58,39,77,60
2026-01-23,ENT017,launch_readiness,152,137,1617,5.77,74,87,24
2026-01-23,ENT018,launch_readiness,147,129,4377,3.47,173,93,25
2026-01-23,ENT019,launch_readiness,121,109,4014,5.5,179,91,35
2026-01-23,ENT020,automation_savings,150,144,7248,9.44,163,74,67
2026-01-23,ENT021,automation_savings,169,149,599,8.34,34,80,59
2026-01-23,ENT022,qa_defect_rate,236,274,8589,2.02,178,94,22
2026-01-23,ENT023,qa_defect_rate,165,175,7558,5.96,184,85,43
2026-01-23,ENT024,metric_certification,241,282,7287,5.68,202,89,37
2026-01-24,ENT001,metric_certification,235,237,6065,12.77,145,68,55
2026-01-24,ENT002,metric_certification,150,169,6526,14.39,166,62,83
2026-01-24,ENT003,backlog_age,121,94,3053,11.43,122,70,72
2026-01-24,ENT004,qa_defect_rate,113,131,3191,2.15,74,96,30
2026-01-24,ENT005,automation_savings,277,263,2783,2.44,234,98,42
2026-01-24,ENT006,launch_readiness,244,188,4038,11.6,130,71,66
2026-01-24,ENT007,launch_readiness,158,155,5166,1.71,177,99,10
2026-01-24,ENT008,gross_margin,204,245,6178,8.55,186,76,43
2026-01-24,ENT009,automation_savings,170,158,4096,12.1,46,67,65
2026-01-24,ENT010,metric_certification,74,67,4328,9.56,93,76,71
2026-01-24,ENT011,gross_margin,180,166,3614,8,225,82,44
2026-01-24,ENT012,qa_defect_rate,152,192,6976,14.5,64,60,93
2026-01-24,ENT013,launch_readiness,170,202,7318,10.89,156,74,43
2026-01-24,ENT014,automation_savings,110,106,7951,4.09,112,92,42
2026-01-24,ENT015,gross_margin,256,251,7767,8.9,59,77,47
2026-01-24,ENT016,backlog_age,80,86,2586,2.49,180,99,20
2026-01-24,ENT017,metric_certification,267,227,2654,6.36,147,86,42
2026-01-24,ENT018,automation_savings,236,290,3891,9.87,45,76,62
2026-01-24,ENT019,qa_defect_rate,190,188,2047,8.39,73,78,42
2026-01-24,ENT020,launch_readiness,168,205,5198,12.93,125,65,80
2026-01-24,ENT021,backlog_age,185,135,8882,5.43,199,87,24
2026-01-24,ENT022,launch_readiness,178,205,5247,8.5,14,76,44
2026-01-24,ENT023,metric_certification,166,131,8367,9.83,126,72,63
2026-01-24,ENT024,metric_certification,224,190,6517,14.09,206,66,71
2026-01-25,ENT001,launch_readiness,244,266,1991,14.41,189,64,62
2026-01-25,ENT002,metric_certification,146,152,4630,13.46,171,66,84
2026-01-25,ENT003,qa_defect_rate,100,78,5852,3,220,92,27
2026-01-25,ENT004,metric_certification,112,127,4520,6.15,78,89,36
2026-01-25,ENT005,metric_certification,67,72,4382,13.02,133,61,73
2026-01-25,ENT006,gross_margin,198,182,920,5.1,15,87,44
2026-01-25,ENT007,qa_defect_rate,75,62,2199,3.05,49,98,37
2026-01-25,ENT008,launch_readiness,186,231,3452,8.17,112,81,46
2026-01-25,ENT009,gross_margin,88,87,4589,6.36,199,85,37
2026-01-25,ENT010,automation_savings,228,255,8192,8.7,218,78,59
2026-01-25,ENT011,launch_readiness,123,98,6918,11.51,137,69,56
2026-01-25,ENT012,gross_margin,208,256,4915,6.1,27,89,31
2026-01-25,ENT013,qa_defect_rate,259,287,1877,11.91,13,67,50
2026-01-25,ENT014,gross_margin,191,212,2190,3.39,118,90,42
2026-01-25,ENT015,automation_savings,225,250,4570,3.33,13,98,37
2026-01-25,ENT016,metric_certification,215,187,7860,4.78,31,91,30
2026-01-25,ENT017,metric_certification,269,312,6242,7.55,33,82,44
2026-01-25,ENT018,backlog_age,97,119,613,13.22,222,62,76
2026-01-25,ENT019,backlog_age,98,109,8287,4.83,37,89,32
2026-01-25,ENT020,qa_defect_rate,86,66,8589,1.97,136,97,12
2026-01-25,ENT021,backlog_age,184,167,2733,9.55,179,73,60
2026-01-25,ENT022,backlog_age,231,229,669,3.13,159,94,36
2026-01-25,ENT023,launch_readiness,268,330,6254,2.73,29,99,35
2026-01-25,ENT024,backlog_age,185,137,758,14.27,155,63,82
2026-01-26,ENT001,gross_margin,237,292,4972,7.58,61,79,64
2026-01-26,ENT002,metric_certification,72,53,5839,8.93,45,74,49
2026-01-26,ENT003,metric_certification,134,110,6308,9.12,188,80,58
2026-01-26,ENT004,gross_margin,74,62,2135,12.21,166,64,52
2026-01-26,ENT005,backlog_age,178,135,1629,3.69,118,89,24
2026-01-26,ENT006,metric_certification,231,261,8037,7.33,29,79,55
2026-01-26,ENT007,gross_margin,123,112,256,9.52,168,76,46
2026-01-26,ENT008,backlog_age,235,209,1077,11.19,47,74,44
2026-01-26,ENT009,launch_readiness,139,132,1031,12.31,24,68,71
2026-01-26,ENT010,automation_savings,90,76,5448,6.94,64,86,53
2026-01-26,ENT011,backlog_age,177,152,8481,1.8,232,99,8
2026-01-26,ENT012,qa_defect_rate,128,124,1136,6.52,167,83,35
2026-01-26,ENT013,qa_defect_rate,200,206,4392,8.29,55,77,51
2026-01-26,ENT014,automation_savings,159,173,2527,9.24,134,80,48
2026-01-26,ENT015,qa_defect_rate,193,222,8573,9.25,101,79,70
2026-01-26,ENT016,gross_margin,131,119,3214,12.37,13,68,57
2026-01-26,ENT017,gross_margin,177,140,5822,4.85,177,89,38
2026-01-26,ENT018,launch_readiness,146,169,1084,8.64,27,77,40
2026-01-26,ENT019,launch_readiness,227,261,6696,2.53,98,96,13
2026-01-26,ENT020,launch_readiness,252,209,5567,9.84,16,75,47
2026-01-26,ENT021,gross_margin,265,305,1239,1.59,45,99,37
2026-01-26,ENT022,automation_savings,248,288,280,5.39,21,90,39
2026-01-26,ENT023,automation_savings,75,61,1907,3.71,238,90,47
2026-01-26,ENT024,metric_certification,123,139,3799,11.88,185,67,63
2026-01-27,ENT001,metric_certification,178,142,6217,10.54,147,73,77
2026-01-27,ENT002,backlog_age,72,67,5546,5.66,197,89,51
2026-01-27,ENT003,qa_defect_rate,123,151,3994,8.23,225,83,41
2026-01-27,ENT004,qa_defect_rate,79,64,8711,11.37,103,69,72
2026-01-27,ENT005,automation_savings,224,276,2459,4.07,203,94,31
2026-01-27,ENT006,metric_certification,143,167,1826,8.52,211,82,40
2026-01-27,ENT007,qa_defect_rate,65,79,6716,10.94,137,75,52
2026-01-27,ENT008,gross_margin,82,71,1691,7.05,71,86,26
2026-01-27,ENT009,automation_savings,234,271,240,5.98,77,83,41
2026-01-27,ENT010,gross_margin,184,217,7098,5.9,208,86,45
2026-01-27,ENT011,gross_margin,188,139,5645,6.07,198,82,41
2026-01-27,ENT012,gross_margin,151,130,6082,3.56,192,96,41
2026-01-27,ENT013,launch_readiness,200,194,2729,13.44,239,62,68
2026-01-27,ENT014,gross_margin,188,211,1008,8.64,138,81,61
2026-01-27,ENT015,metric_certification,83,76,7084,13.24,95,61,75
2026-01-27,ENT016,gross_margin,149,186,6898,11.43,147,68,68
2026-01-27,ENT017,automation_savings,280,300,5983,10.03,164,73,69
2026-01-27,ENT018,gross_margin,206,177,5157,7.47,209,79,44
2026-01-27,ENT019,qa_defect_rate,153,177,1308,12.45,115,68,75
2026-01-27,ENT020,automation_savings,209,224,4345,8.1,103,77,57
2026-01-27,ENT021,qa_defect_rate,151,113,7876,4.7,155,92,50
2026-01-27,ENT022,launch_readiness,133,152,2817,12.02,207,67,78
2026-01-27,ENT023,backlog_age,102,95,7165,9.13,239,78,51
2026-01-27,ENT024,automation_savings,91,72,4899,2.86,33,92,17
2026-01-28,ENT001,automation_savings,86,86,8089,5.8,206,83,26
2026-01-28,ENT002,backlog_age,133,98,1371,11.78,177,69,59
2026-01-28,ENT003,qa_defect_rate,233,179,715,8.05,133,77,50
2026-01-28,ENT004,metric_certification,258,292,3472,10.94,169,73,73
2026-01-28,ENT005,backlog_age,92,103,8118,8.06,231,80,62
2026-01-28,ENT006,backlog_age,214,203,5554,2.15,196,97,10
2026-01-28,ENT007,launch_readiness,150,189,4426,13.41,68,66,86
2026-01-28,ENT008,backlog_age,155,140,1244,14.41,91,62,80
2026-01-28,ENT009,metric_certification,124,123,2349,5.63,60,90,35
2026-01-28,ENT010,launch_readiness,226,260,8534,10.44,145,76,73
2026-01-28,ENT011,launch_readiness,267,200,6904,2.78,234,97,19
2026-01-28,ENT012,qa_defect_rate,144,122,5669,14.27,96,59,62
2026-01-28,ENT013,qa_defect_rate,89,95,4823,5.01,126,92,21
2026-01-28,ENT014,launch_readiness,75,72,831,4.81,167,89,41
2026-01-28,ENT015,gross_margin,91,86,7482,5.12,52,86,30
2026-01-28,ENT016,automation_savings,215,196,3711,4.39,56,93,36
2026-01-28,ENT017,automation_savings,273,336,4628,12.12,95,64,68
2026-01-28,ENT018,qa_defect_rate,156,139,5994,11.34,206,71,74
2026-01-28,ENT019,qa_defect_rate,149,113,7306,9.79,232,71,74
2026-01-28,ENT020,metric_certification,197,148,6448,10.55,104,73,56
2026-01-28,ENT021,metric_certification,265,223,1588,6.26,236,89,47
2026-01-28,ENT022,gross_margin,275,319,328,10,239,76,70
2026-01-28,ENT023,qa_defect_rate,276,226,416,5.55,32,88,52
2026-01-28,ENT024,qa_defect_rate,196,169,4468,12.39,176,68,70
2026-01-29,ENT001,automation_savings,250,233,6257,5.13,53,91,20
2026-01-29,ENT002,automation_savings,79,91,2087,12.63,50,64,52
2026-01-29,ENT003,backlog_age,254,297,502,6.52,226,82,50
2026-01-29,ENT004,qa_defect_rate,155,143,3553,8.46,13,75,36
2026-01-29,ENT005,launch_readiness,148,126,4241,12.81,105,63,60
2026-01-29,ENT006,metric_certification,134,149,118,10.98,135,69,56
2026-01-29,ENT007,qa_defect_rate,247,190,5225,13.24,135,68,69
2026-01-29,ENT008,launch_readiness,78,69,6836,3.21,72,95,28
2026-01-29,ENT009,launch_readiness,258,281,798,6.77,188,87,30
2026-01-29,ENT010,automation_savings,202,204,7379,2.67,111,98,30
2026-01-29,ENT011,metric_certification,153,122,5141,12.62,142,63,78
2026-01-29,ENT012,launch_readiness,239,249,5880,6.96,157,79,46
2026-01-29,ENT013,qa_defect_rate,183,192,2999,2.87,15,94,18
2026-01-29,ENT014,automation_savings,103,113,7421,4.25,86,93,41
2026-01-29,ENT015,metric_certification,248,196,1534,3.98,89,93,19
2026-01-29,ENT016,metric_certification,111,85,7442,9.93,105,71,56
2026-01-29,ENT017,launch_readiness,122,149,1886,3.38,128,90,15
2026-01-29,ENT018,gross_margin,143,116,7906,12.11,196,65,56
2026-01-29,ENT019,metric_certification,115,95,6423,12.01,193,67,74
2026-01-29,ENT020,metric_certification,81,75,6710,8.23,13,77,51
2026-01-29,ENT021,automation_savings,222,224,8151,9.93,78,72,62
2026-01-29,ENT022,launch_readiness,256,248,4929,2.58,155,98,18
2026-01-29,ENT023,qa_defect_rate,144,148,6878,8.81,133,75,70
2026-01-29,ENT024,gross_margin,167,157,5145,3.87,238,96,41
2026-01-30,ENT001,qa_defect_rate,152,141,7542,10.56,15,72,52
2026-01-30,ENT002,qa_defect_rate,218,225,856,9.83,166,78,47
2026-01-30,ENT003,launch_readiness,247,232,699,4.86,191,91,37
2026-01-30,ENT004,qa_defect_rate,225,248,1559,4.74,30,91,22
2026-01-30,ENT005,launch_readiness,172,167,5454,5.71,237,86,44
2026-01-30,ENT006,qa_defect_rate,76,97,4324,8.97,235,77,43
2026-01-30,ENT007,gross_margin,69,85,5341,10.02,110,73,58
2026-01-30,ENT008,launch_readiness,172,148,1035,11.61,36,69,54
2026-01-30,ENT009,automation_savings,279,310,178,8.18,47,79,54
2026-01-30,ENT010,qa_defect_rate,151,178,3483,6.97,171,85,59
2026-01-30,ENT011,backlog_age,65,60,4389,7.57,236,84,36
2026-01-30,ENT012,qa_defect_rate,194,213,6010,5.16,27,88,41
2026-01-30,ENT013,launch_readiness,206,161,735,4.19,34,88,39
2026-01-30,ENT014,launch_readiness,175,180,1676,3.69,45,89,20
2026-01-30,ENT015,metric_certification,211,266,1080,6.16,147,83,41
2026-01-30,ENT016,metric_certification,106,135,7350,10.96,30,72,64
2026-01-30,ENT017,qa_defect_rate,277,307,118,5.33,22,88,26
2026-01-30,ENT018,metric_certification,151,134,8516,4.89,187,89,31
2026-01-30,ENT019,launch_readiness,216,274,463,13.82,26,59,64
2026-01-30,ENT020,automation_savings,210,241,2197,8.46,109,75,49
2026-01-30,ENT021,launch_readiness,123,119,2052,9.59,208,72,48
2026-01-30,ENT022,launch_readiness,142,152,4207,9.24,48,74,68
2026-01-30,ENT023,backlog_age,169,188,478,12,199,64,78
2026-01-30,ENT024,automation_savings,218,170,2880,9,128,75,37
2026-01-31,ENT001,launch_readiness,185,178,3154,14.36,24,62,62
2026-01-31,ENT002,metric_certification,266,285,1989,8.25,21,76,65
2026-01-31,ENT003,automation_savings,108,103,880,7.52,229,83,63
2026-01-31,ENT004,launch_readiness,118,127,1243,3.82,212,90,26
2026-01-31,ENT005,automation_savings,207,226,1853,3.4,187,93,29
2026-01-31,ENT006,automation_savings,268,330,3529,12.37,77,65,65
2026-01-31,ENT007,metric_certification,237,225,3232,6.59,51,84,52
2026-01-31,ENT008,gross_margin,166,163,4322,3.04,62,92,44
2026-01-31,ENT009,backlog_age,98,83,7309,11.88,194,72,50
2026-01-31,ENT010,metric_certification,166,178,7850,11.92,218,66,60
2026-01-31,ENT011,qa_defect_rate,279,206,1992,1.83,203,98,22
2026-01-31,ENT012,qa_defect_rate,249,209,7583,9.69,98,77,48
2026-01-31,ENT013,metric_certification,148,124,3735,9.34,142,74,52
2026-01-31,ENT014,backlog_age,250,240,2403,3.11,24,96,17
2026-01-31,ENT015,launch_readiness,121,128,2347,11.22,228,67,73
2026-01-31,ENT016,automation_savings,91,68,3846,6.66,83,82,57
2026-01-31,ENT017,metric_certification,165,183,3915,3.73,46,94,44
2026-01-31,ENT018,gross_margin,221,214,7674,14.05,17,60,75
2026-01-31,ENT019,gross_margin,245,245,2377,13.16,45,62,79
2026-01-31,ENT020,metric_certification,124,134,1121,8.77,43,81,57
2026-01-31,ENT021,automation_savings,121,140,4606,2.39,70,93,26
2026-01-31,ENT022,launch_readiness,269,253,5820,13.71,67,62,78
2026-01-31,ENT023,gross_margin,223,169,1976,11.43,174,66,69
2026-01-31,ENT024,gross_margin,188,156,4771,10.69,37,76,68
2026-02-01,ENT001,backlog_age,155,167,4375,12.03,64,68,63
2026-02-01,ENT002,qa_defect_rate,210,204,3109,3,77,93,38
2026-02-01,ENT003,automation_savings,221,245,2847,9.2,140,74,42
2026-02-01,ENT004,launch_readiness,182,171,8590,13,154,64,86
2026-02-01,ENT005,metric_certification,140,129,3603,12.78,27,66,63
2026-02-01,ENT006,automation_savings,132,117,3162,1.68,209,97,31
2026-02-01,ENT007,backlog_age,140,162,8507,9.02,72,79,44
2026-02-01,ENT008,qa_defect_rate,276,268,3726,9.18,59,79,62
2026-02-01,ENT009,backlog_age,111,89,4482,10.13,103,72,44
2026-02-01,ENT010,backlog_age,179,149,6950,9.42,204,74,52
2026-02-01,ENT011,gross_margin,262,299,6442,12.84,15,69,60
2026-02-01,ENT012,gross_margin,268,206,5435,11.59,135,69,74
2026-02-01,ENT013,gross_margin,272,215,2095,8.98,125,80,66
2026-02-01,ENT014,launch_readiness,126,152,3879,5.77,59,87,36
2026-02-01,ENT015,automation_savings,170,126,3793,9.01,162,77,67
2026-02-01,ENT016,automation_savings,227,238,8489,12.47,112,69,58
2026-02-01,ENT017,metric_certification,127,130,2258,13.62,75,60,69
2026-02-01,ENT018,launch_readiness,231,245,7464,2.18,34,99,13
2026-02-01,ENT019,launch_readiness,259,197,591,11.26,167,73,45
2026-02-01,ENT020,qa_defect_rate,66,73,5009,9.97,208,73,49
2026-02-01,ENT021,metric_certification,208,214,3678,1.72,79,95,19
2026-02-01,ENT022,metric_certification,165,130,1814,2.99,192,98,10
2026-02-01,ENT023,metric_certification,230,209,7599,6.7,59,82,62
2026-02-01,ENT024,gross_margin,183,201,2309,8.12,216,81,59
2026-02-02,ENT001,gross_margin,135,127,6875,2.36,180,95,12
2026-02-02,ENT002,automation_savings,88,100,4067,5.43,171,86,24
2026-02-02,ENT003,automation_savings,160,142,1714,7.86,239,84,45
2026-02-02,ENT004,backlog_age,175,161,5055,3.84,191,90,37
2026-02-02,ENT005,gross_margin,123,111,5261,4.98,113,90,21
2026-02-02,ENT006,launch_readiness,216,188,1957,12.61,99,69,55
2026-02-02,ENT007,qa_defect_rate,80,78,6242,13.64,116,60,67
2026-02-02,ENT008,qa_defect_rate,124,91,6345,12.95,219,62,65
2026-02-02,ENT009,automation_savings,122,126,2977,11.45,215,69,54
2026-02-02,ENT010,qa_defect_rate,176,225,7326,7.55,136,84,34
2026-02-02,ENT011,qa_defect_rate,180,162,1702,9.32,157,76,69
2026-02-02,ENT012,qa_defect_rate,171,171,5549,5.15,191,88,33
2026-02-02,ENT013,automation_savings,247,232,5980,9.99,56,73,66
2026-02-02,ENT014,metric_certification,84,97,2611,5.14,16,89,42
2026-02-02,ENT015,backlog_age,176,167,6106,5.6,63,85,50
2026-02-02,ENT016,gross_margin,83,66,8307,8.04,28,79,66
2026-02-02,ENT017,launch_readiness,130,101,4196,14.25,37,61,62
2026-02-02,ENT018,automation_savings,111,140,3277,13.17,190,63,54
2026-02-02,ENT019,automation_savings,158,139,3596,12.55,135,68,85
2026-02-02,ENT020,automation_savings,115,135,8693,3.1,141,97,19
2026-02-02,ENT021,qa_defect_rate,215,273,7204,11.23,21,68,55
2026-02-02,ENT022,automation_savings,272,261,4305,6.32,231,83,43
2026-02-02,ENT023,qa_defect_rate,169,167,6886,13.64,139,60,81
2026-02-02,ENT024,metric_certification,148,178,7052,3.71,60,92,18
2026-02-03,ENT001,automation_savings,251,231,8555,13.35,15,63,65
2026-02-03,ENT002,gross_margin,209,211,6946,4.17,198,90,25
2026-02-03,ENT003,launch_readiness,201,209,3744,4.71,213,90,38
2026-02-03,ENT004,automation_savings,121,100,1082,3.13,33,91,23
2026-02-03,ENT005,automation_savings,150,153,3611,6.41,176,84,53
2026-02-03,ENT006,qa_defect_rate,265,215,883,6.17,182,85,28
2026-02-03,ENT007,qa_defect_rate,195,158,1587,7.03,186,84,44
2026-02-03,ENT008,backlog_age,245,206,3671,13.53,109,62,67
2026-02-03,ENT009,qa_defect_rate,204,249,7386,1.61,119,99,24
2026-02-03,ENT010,automation_savings,195,222,8830,4.69,79,89,47
2026-02-03,ENT011,gross_margin,256,302,727,2.23,33,98,32
2026-02-03,ENT012,qa_defect_rate,143,170,7219,13.94,143,64,80
2026-02-03,ENT013,backlog_age,226,258,1027,9.53,64,74,64
2026-02-03,ENT014,gross_margin,243,207,6255,10.95,44,74,76
2026-02-03,ENT015,metric_certification,226,190,3285,10.33,103,76,70
2026-02-03,ENT016,backlog_age,140,140,1480,2.32,22,97,29
2026-02-03,ENT017,qa_defect_rate,191,195,3172,14.14,147,64,87
2026-02-03,ENT018,backlog_age,278,209,1655,3.11,37,95,44
2026-02-03,ENT019,metric_certification,108,135,4275,11.75,206,66,76
2026-02-03,ENT020,qa_defect_rate,188,152,319,8.48,121,82,34
2026-02-03,ENT021,gross_margin,242,257,7511,11.8,196,72,74
2026-02-03,ENT022,qa_defect_rate,227,182,882,4.17,51,93,48
2026-02-03,ENT023,qa_defect_rate,74,81,524,12.31,73,71,76
2026-02-03,ENT024,metric_certification,81,71,6031,3.14,162,93,46
2026-02-04,ENT001,metric_certification,253,235,625,11.28,184,72,66
2026-02-04,ENT002,gross_margin,74,95,7137,4.07,108,93,16
2026-02-04,ENT003,qa_defect_rate,241,183,8509,4.21,34,94,28
2026-02-04,ENT004,backlog_age,101,120,425,1.93,128,99,7
2026-02-04,ENT005,automation_savings,265,233,6589,7.71,230,85,57
2026-02-04,ENT006,metric_certification,76,80,3136,11.59,37,72,48
2026-02-04,ENT007,backlog_age,250,293,1920,5.03,109,90,38
2026-02-04,ENT008,gross_margin,156,142,7261,13.34,35,65,82
2026-02-04,ENT009,metric_certification,268,306,6689,8.64,143,78,43
2026-02-04,ENT010,automation_savings,115,113,4624,2.44,154,96,37
2026-02-04,ENT011,automation_savings,118,124,859,5.76,240,90,35
2026-02-04,ENT012,launch_readiness,212,246,3051,12.75,157,66,75
2026-02-04,ENT013,qa_defect_rate,202,172,1861,7.98,106,83,31
2026-02-04,ENT014,gross_margin,133,140,6858,10.21,123,71,67
2026-02-04,ENT015,metric_certification,244,190,478,9.77,54,75,58
2026-02-04,ENT016,metric_certification,76,85,6259,7.46,117,83,58
2026-02-04,ENT017,qa_defect_rate,170,143,3775,12.06,221,68,70
2026-02-04,ENT018,gross_margin,126,130,2450,9.37,95,73,44
2026-02-04,ENT019,automation_savings,115,91,6663,6.82,239,85,56
2026-02-04,ENT020,backlog_age,259,212,5941,10.64,27,76,50
2026-02-04,ENT021,gross_margin,227,186,8072,13.59,50,66,81
2026-02-04,ENT022,metric_certification,149,139,8120,6.3,28,83,39
2026-02-04,ENT023,metric_certification,244,227,352,12.07,33,70,66
2026-02-04,ENT024,backlog_age,251,284,6344,2.34,29,99,37
2026-02-05,ENT001,gross_margin,160,170,3286,4.66,217,89,43
2026-02-05,ENT002,backlog_age,99,107,2263,13.24,137,60,68
2026-02-05,ENT003,qa_defect_rate,233,247,8894,14.06,187,58,63
2026-02-05,ENT004,automation_savings,248,241,148,7.53,72,80,39
2026-02-05,ENT005,qa_defect_rate,139,104,6522,2.77,119,99,37
2026-02-05,ENT006,qa_defect_rate,145,139,5223,9.36,214,73,71
2026-02-05,ENT007,qa_defect_rate,278,295,7929,13.72,230,64,73
2026-02-05,ENT008,launch_readiness,71,87,4145,5.05,133,87,21
2026-02-05,ENT009,automation_savings,280,204,1016,11.79,216,71,76
2026-02-05,ENT010,gross_margin,82,74,7939,5.68,85,91,48
2026-02-05,ENT011,automation_savings,95,77,1670,11.38,67,70,74
2026-02-05,ENT012,automation_savings,241,207,5718,5.63,226,87,38
2026-02-05,ENT013,metric_certification,220,167,7497,8.99,197,79,69
2026-02-05,ENT014,gross_margin,195,191,7618,6.14,61,82,40
2026-02-05,ENT015,gross_margin,210,160,5063,6.76,202,85,49
2026-02-05,ENT016,automation_savings,266,202,7441,12.9,164,62,78
2026-02-05,ENT017,automation_savings,192,221,3906,10.04,129,70,61
2026-02-05,ENT018,qa_defect_rate,177,173,7744,7.57,30,81,36
2026-02-05,ENT019,qa_defect_rate,239,196,8103,11.96,148,70,75
2026-02-05,ENT020,metric_certification,137,138,323,10.38,24,70,71
2026-02-05,ENT021,automation_savings,162,180,5675,3.98,225,95,27
2026-02-05,ENT022,launch_readiness,212,212,227,12.67,142,66,57
2026-02-05,ENT023,gross_margin,176,155,2599,12.48,19,68,66
2026-02-05,ENT024,qa_defect_rate,120,103,8401,13.48,141,63,73
2026-02-06,ENT001,metric_certification,261,253,3289,5.27,157,87,42
2026-02-06,ENT002,automation_savings,108,90,1094,4.05,121,89,30
2026-02-06,ENT003,qa_defect_rate,181,159,8931,6.21,74,87,28
2026-02-06,ENT004,qa_defect_rate,104,100,8467,4.48,199,91,38
2026-02-06,ENT005,backlog_age,140,150,6884,1.73,201,99,25
2026-02-06,ENT006,launch_readiness,162,185,5881,9.2,180,75,62
2026-02-06,ENT007,automation_savings,149,109,4692,3.42,35,95,36
2026-02-06,ENT008,automation_savings,256,289,1424,10.59,141,72,57
2026-02-06,ENT009,backlog_age,258,310,1648,6.59,96,84,28
2026-02-06,ENT010,qa_defect_rate,83,99,7477,9.51,107,78,63
2026-02-06,ENT011,backlog_age,138,130,4965,13.79,227,63,63
2026-02-06,ENT012,qa_defect_rate,150,141,3365,12.88,172,64,64
2026-02-06,ENT013,launch_readiness,166,194,1341,6.45,181,87,28
2026-02-06,ENT014,launch_readiness,66,73,5042,5.24,179,88,52
2026-02-06,ENT015,qa_defect_rate,156,137,8808,7.38,207,85,36
2026-02-06,ENT016,metric_certification,279,218,978,11.32,71,72,61
2026-02-06,ENT017,qa_defect_rate,224,175,3696,13.33,31,61,61
2026-02-06,ENT018,backlog_age,149,110,4008,2.57,21,98,28
2026-02-06,ENT019,qa_defect_rate,162,175,8166,5.62,135,88,42
2026-02-06,ENT020,automation_savings,118,91,5060,11.76,105,73,72
2026-02-06,ENT021,automation_savings,94,91,8255,12.63,50,64,85
2026-02-06,ENT022,launch_readiness,213,164,7160,13.54,202,61,84
2026-02-06,ENT023,automation_savings,278,256,5721,3.38,89,97,25
2026-02-06,ENT024,automation_savings,276,218,5922,12.97,120,63,55
2026-02-07,ENT001,gross_margin,252,252,7454,2.12,104,97,24
2026-02-07,ENT002,backlog_age,194,208,5714,4.12,183,90,38
2026-02-07,ENT003,qa_defect_rate,146,139,5963,7.87,67,81,36
2026-02-07,ENT004,automation_savings,125,121,146,6.59,219,85,57
2026-02-07,ENT005,qa_defect_rate,260,187,4462,4.99,205,87,27
2026-02-07,ENT006,launch_readiness,86,106,6077,11.12,141,67,73
2026-02-07,ENT007,launch_readiness,219,250,6277,12.73,210,66,73
2026-02-07,ENT008,backlog_age,174,209,8425,3.14,81,98,39
2026-02-07,ENT009,qa_defect_rate,276,298,4257,4.8,55,91,45
2026-02-07,ENT010,launch_readiness,155,175,3091,12.29,57,70,78
2026-02-07,ENT011,automation_savings,253,230,5857,10.95,122,70,77
2026-02-07,ENT012,gross_margin,124,134,4206,6.05,104,83,26
2026-02-07,ENT013,qa_defect_rate,193,158,4710,10.51,188,71,54
2026-02-07,ENT014,gross_margin,81,76,6785,4.24,172,94,25
2026-02-07,ENT015,backlog_age,168,141,5711,7.95,238,83,51
2026-02-07,ENT016,metric_certification,167,177,2887,11.63,30,66,70
2026-02-07,ENT017,qa_defect_rate,68,62,5505,4.47,141,92,21
2026-02-07,ENT018,automation_savings,243,272,6705,2.47,76,98,22
2026-02-07,ENT019,automation_savings,266,242,8657,8.52,227,76,48
2026-02-07,ENT020,backlog_age,120,92,8296,9.08,94,76,57
2026-02-07,ENT021,automation_savings,123,153,8137,7.42,55,79,64
2026-02-07,ENT022,launch_readiness,219,160,7585,2.39,73,96,16
2026-02-07,ENT023,automation_savings,152,176,1488,3.85,131,89,28
2026-02-07,ENT024,launch_readiness,74,91,3775,6.51,102,84,47
2026-02-08,ENT001,automation_savings,98,109,6993,13.48,216,61,84
2026-02-08,ENT002,backlog_age,73,60,2593,5.29,45,89,46
2026-02-08,ENT003,launch_readiness,241,248,8484,10.51,138,72,42
2026-02-08,ENT004,backlog_age,176,171,5698,4.9,124,91,31
2026-02-08,ENT005,metric_certification,116,113,7191,3.19,146,96,13
2026-02-08,ENT006,automation_savings,144,147,88,5.35,134,84,44
2026-02-08,ENT007,launch_readiness,251,281,2222,5.46,127,90,23
2026-02-08,ENT008,launch_readiness,199,207,1030,11.12,31,72,51
2026-02-08,ENT009,gross_margin,246,177,6742,8.45,194,76,47
2026-02-08,ENT010,qa_defect_rate,178,226,5782,2.64,57,94,29
2026-02-08,ENT011,automation_savings,69,63,1688,4.06,124,94,38
2026-02-08,ENT012,metric_certification,190,207,847,11.93,185,67,61
2026-02-08,ENT013,launch_readiness,78,65,5468,8.56,174,77,60
2026-02-08,ENT014,backlog_age,198,244,4896,3.12,19,94,41
2026-02-08,ENT015,automation_savings,171,174,920,8.07,70,82,40
2026-02-08,ENT016,backlog_age,252,270,4658,13.01,65,68,84
2026-02-08,ENT017,metric_certification,229,277,5005,8.21,45,77,52
2026-02-08,ENT018,launch_readiness,67,58,6767,5.65,31,91,47
2026-02-08,ENT019,qa_defect_rate,127,118,4689,5.61,55,84,42
2026-02-08,ENT020,launch_readiness,115,140,406,12.89,97,64,82
2026-02-08,ENT021,backlog_age,186,227,8797,11.49,139,68,61
2026-02-08,ENT022,metric_certification,134,127,240,1.96,133,95,23
2026-02-08,ENT023,metric_certification,100,128,1737,10.22,86,70,64
2026-02-08,ENT024,automation_savings,213,200,141,3.01,53,94,38
2026-02-09,ENT001,qa_defect_rate,249,197,4265,8.87,24,79,47
2026-02-09,ENT002,automation_savings,162,146,7195,2.69,172,99,30
2026-02-09,ENT003,metric_certification,201,205,457,8.81,87,79,66
2026-02-09,ENT004,gross_margin,174,181,4349,6.71,194,80,39
2026-02-09,ENT005,qa_defect_rate,236,231,7396,3.22,95,95,37
2026-02-09,ENT006,gross_margin,187,185,2261,11.38,25,68,52
2026-02-09,ENT007,qa_defect_rate,279,223,2136,13.7,130,66,59
2026-02-09,ENT008,gross_margin,116,110,1946,14.2,128,64,85
2026-02-09,ENT009,gross_margin,132,156,314,9.8,214,76,45
2026-02-09,ENT010,metric_certification,83,98,2022,11.42,58,66,66
2026-02-09,ENT011,launch_readiness,130,164,952,10.59,204,75,54
2026-02-09,ENT012,gross_margin,212,195,5960,8.59,181,77,52
2026-02-09,ENT013,launch_readiness,83,66,2632,4.23,156,95,37
2026-02-09,ENT014,qa_defect_rate,215,260,2571,5.13,213,85,26
2026-02-09,ENT015,gross_margin,145,120,1815,10.56,216,75,41
2026-02-09,ENT016,gross_margin,264,259,8932,4.89,26,93,32
2026-02-09,ENT017,metric_certification,187,168,95,13.57,73,60,74
2026-02-09,ENT018,launch_readiness,144,153,6275,13.7,236,66,61
2026-02-09,ENT019,qa_defect_rate,235,176,2525,11.09,219,68,72
2026-02-09,ENT020,metric_certification,129,107,753,10.98,51,67,62
2026-02-09,ENT021,qa_defect_rate,276,254,7022,12.25,33,69,59
2026-02-09,ENT022,backlog_age,132,137,3931,12.23,133,64,75
2026-02-09,ENT023,launch_readiness,262,293,2696,9.07,185,79,61
2026-02-09,ENT024,metric_certification,152,161,4348,1.65,222,99,14
2026-02-10,ENT001,metric_certification,132,110,3861,13.06,26,63,57
2026-02-10,ENT002,gross_margin,70,81,1530,7.68,171,85,47
2026-02-10,ENT003,backlog_age,249,242,3755,13.75,230,64,64
2026-02-10,ENT004,automation_savings,92,79,4312,9.57,79,75,52
2026-02-10,ENT005,qa_defect_rate,130,153,8554,2.24,183,96,12
2026-02-10,ENT006,backlog_age,120,142,2413,12.93,190,69,64
2026-02-10,ENT007,qa_defect_rate,173,170,8937,7.79,163,82,31
2026-02-10,ENT008,metric_certification,192,156,433,8.31,109,82,38
2026-02-10,ENT009,backlog_age,168,144,5174,4.37,101,87,19
2026-02-10,ENT010,launch_readiness,70,79,7273,7.74,67,78,59
2026-02-10,ENT011,automation_savings,172,126,5452,12.22,165,67,53
2026-02-10,ENT012,metric_certification,109,135,7691,3.31,143,97,40
2026-02-10,ENT013,backlog_age,91,91,6366,4.44,204,92,42
2026-02-10,ENT014,metric_certification,198,154,5237,3.75,162,95,14
2026-02-10,ENT015,launch_readiness,121,116,162,8.49,106,81,63
2026-02-10,ENT016,automation_savings,202,218,2737,5.93,48,86,35
2026-02-10,ENT017,metric_certification,122,128,8747,12.83,153,62,72
2026-02-10,ENT018,metric_certification,191,141,621,5.51,186,89,32
2026-02-10,ENT019,metric_certification,273,341,1738,3.43,234,90,49
2026-02-10,ENT020,qa_defect_rate,241,296,4173,7.4,178,79,49
2026-02-10,ENT021,metric_certification,224,235,1825,13.32,209,64,55
2026-02-10,ENT022,gross_margin,226,181,4015,10.44,110,76,64
2026-02-10,ENT023,qa_defect_rate,186,227,2825,3.23,28,97,27
2026-02-10,ENT024,qa_defect_rate,269,323,1197,4.85,232,90,21
2026-02-11,ENT001,qa_defect_rate,88,90,3682,2.07,95,98,15
2026-02-11,ENT002,launch_readiness,104,108,5521,8.87,164,81,65
2026-02-11,ENT003,launch_readiness,229,240,6801,13.52,25,60,81
2026-02-11,ENT004,backlog_age,171,135,7113,14.29,173,59,75
2026-02-11,ENT005,launch_readiness,220,224,7450,13.62,139,60,66
2026-02-11,ENT006,qa_defect_rate,116,145,1510,10.01,155,75,62
2026-02-11,ENT007,automation_savings,74,69,1013,13.29,225,63,66
2026-02-11,ENT008,automation_savings,104,126,5822,5.62,223,86,24
2026-02-11,ENT009,automation_savings,214,233,8073,3.93,126,94,43
2026-02-11,ENT010,backlog_age,179,172,3547,2.96,149,95,26
2026-02-11,ENT011,metric_certification,202,214,1382,6.93,91,82,42
2026-02-11,ENT012,gross_margin,68,78,5334,6.66,179,82,61
2026-02-11,ENT013,automation_savings,256,192,2307,6.31,220,89,50
2026-02-11,ENT014,qa_defect_rate,266,298,2711,8.72,17,80,52
2026-02-11,ENT015,gross_margin,186,201,7799,11.22,141,70,51
2026-02-11,ENT016,metric_certification,118,149,2092,12.08,98,71,53
2026-02-11,ENT017,metric_certification,270,316,6561,1.51,44,97,20
2026-02-11,ENT018,qa_defect_rate,194,248,5268,2.17,118,94,14
2026-02-11,ENT019,gross_margin,192,232,4131,3.32,130,92,25
2026-02-11,ENT020,metric_certification,154,129,7730,9.47,71,76,53
2026-02-11,ENT021,launch_readiness,129,99,3374,8.62,53,81,41
2026-02-11,ENT022,qa_defect_rate,266,335,5920,3.08,157,95,16
2026-02-11,ENT023,launch_readiness,121,136,2811,11.79,187,69,79
2026-02-11,ENT024,launch_readiness,130,144,4475,5.29,220,92,35
2026-02-12,ENT001,automation_savings,84,63,3859,7.16,162,86,34
2026-02-12,ENT002,qa_defect_rate,197,238,5639,11.12,104,68,60
2026-02-12,ENT003,qa_defect_rate,253,261,248,12.59,128,70,56
2026-02-12,ENT004,metric_certification,275,223,7586,11.9,13,72,72
2026-02-12,ENT005,backlog_age,122,146,3099,2.02,205,99,26
2026-02-12,ENT006,backlog_age,189,181,2749,5.84,183,90,40
2026-02-12,ENT007,gross_margin,174,207,3581,7.06,147,79,59
2026-02-12,ENT008,gross_margin,227,270,2911,8.57,94,77,50
2026-02-12,ENT009,gross_margin,179,199,6911,10.49,163,69,72
2026-02-12,ENT010,automation_savings,73,90,1847,11.7,199,72,79
2026-02-12,ENT011,launch_readiness,278,203,3923,8.92,126,75,64
2026-02-12,ENT012,gross_margin,114,115,414,6.42,224,84,53
2026-02-12,ENT013,metric_certification,141,165,5080,10.25,162,76,72
2026-02-12,ENT014,automation_savings,164,125,4879,7.03,213,84,28
2026-02-12,ENT015,gross_margin,265,273,3116,5.3,92,91,33
2026-02-12,ENT016,gross_margin,120,119,7408,9.5,197,79,59
2026-02-12,ENT017,automation_savings,273,251,7047,4.36,18,93,16
2026-02-12,ENT018,automation_savings,192,163,2227,2.05,94,99,33
2026-02-12,ENT019,qa_defect_rate,214,265,4817,8.72,221,82,42
2026-02-12,ENT020,launch_readiness,271,268,1798,1.71,68,96,38
2026-02-12,ENT021,backlog_age,146,156,6224,8.28,150,81,57
2026-02-12,ENT022,qa_defect_rate,158,128,8382,12.88,197,64,59
2026-02-12,ENT023,qa_defect_rate,152,161,5571,5.07,149,92,29
2026-02-12,ENT024,backlog_age,220,266,3444,11.89,150,67,48
2026-02-13,ENT001,backlog_age,138,164,6753,10.86,211,74,71
2026-02-13,ENT002,automation_savings,118,97,8427,9.54,224,73,39
2026-02-13,ENT003,gross_margin,274,219,3739,5.66,113,86,53
2026-02-13,ENT004,metric_certification,107,106,2794,9.72,106,75,56
2026-02-13,ENT005,metric_certification,150,132,5668,13.33,226,67,72
2026-02-13,ENT006,backlog_age,190,152,2638,6.92,139,87,54
2026-02-13,ENT007,metric_certification,78,59,8411,8.15,44,80,52
2026-02-13,ENT008,gross_margin,130,138,5489,9.82,86,77,60
2026-02-13,ENT009,backlog_age,245,211,1818,3.34,140,98,28
2026-02-13,ENT010,gross_margin,113,106,6483,12.82,166,68,53
2026-02-13,ENT011,backlog_age,85,101,3730,9.64,14,78,48
2026-02-13,ENT012,launch_readiness,113,90,5604,6.65,45,82,42
2026-02-13,ENT013,launch_readiness,221,159,4781,6.9,44,83,44
2026-02-13,ENT014,automation_savings,119,138,6020,1.91,103,99,7
2026-02-13,ENT015,metric_certification,122,95,2411,6.59,18,83,40
2026-02-13,ENT016,gross_margin,153,150,3483,13.61,196,63,85
2026-02-13,ENT017,launch_readiness,258,312,8108,10.41,175,72,65
2026-02-13,ENT018,qa_defect_rate,278,309,2500,6.76,239,81,53
2026-02-13,ENT019,gross_margin,182,173,1140,7.84,194,77,45
2026-02-13,ENT020,backlog_age,188,180,5742,10.94,103,70,67
2026-02-13,ENT021,gross_margin,266,223,7160,12.69,232,68,69
2026-02-13,ENT022,metric_certification,74,56,3448,13.84,208,63,59
2026-02-13,ENT023,backlog_age,205,185,7335,8.66,142,82,40
2026-02-13,ENT024,automation_savings,215,213,7432,10.82,45,70,58
2026-02-14,ENT001,gross_margin,109,98,8033,11.92,58,67,83
2026-02-14,ENT002,automation_savings,123,105,4816,2.5,135,99,38
2026-02-14,ENT003,gross_margin,83,81,3468,3.68,66,96,18
2026-02-14,ENT004,launch_readiness,70,71,953,5.3,103,91,35
2026-02-14,ENT005,launch_readiness,243,258,792,5.7,102,83,30
2026-02-14,ENT006,qa_defect_rate,237,197,8833,9.99,174,77,60
2026-02-14,ENT007,qa_defect_rate,85,82,580,12.92,86,66,80
2026-02-14,ENT008,gross_margin,80,101,2817,5.29,164,88,22
2026-02-14,ENT009,backlog_age,216,207,4077,3.98,44,91,36
2026-02-14,ENT010,backlog_age,71,65,6157,14.43,59,65,81
2026-02-14,ENT011,backlog_age,217,267,2606,3.8,13,93,16
2026-02-14,ENT012,qa_defect_rate,197,229,130,1.65,147,98,16
2026-02-14,ENT013,qa_defect_rate,167,137,2656,3.14,167,92,15
2026-02-14,ENT014,automation_savings,197,217,2639,12.85,236,67,65
2026-02-14,ENT015,qa_defect_rate,219,219,6370,8.14,33,79,37
2026-02-14,ENT016,automation_savings,214,210,4106,4.09,232,93,15
2026-02-14,ENT017,automation_savings,189,163,952,11.93,217,69,73
2026-02-14,ENT018,launch_readiness,169,184,1479,8.17,45,79,56
2026-02-14,ENT019,qa_defect_rate,210,256,1592,5.14,21,88,42
2026-02-14,ENT020,gross_margin,199,251,5476,2.21,172,98,40
2026-02-14,ENT021,automation_savings,105,81,5198,12.5,84,64,55
2026-02-14,ENT022,automation_savings,244,212,3234,9.19,227,75,54
2026-02-14,ENT023,launch_readiness,258,297,6561,12.38,225,71,63
2026-02-14,ENT024,metric_certification,274,315,1239,4.52,211,93,38
2026-02-15,ENT001,backlog_age,122,96,5601,12.38,33,70,82
2026-02-15,ENT002,qa_defect_rate,89,65,5809,4.61,185,91,34
2026-02-15,ENT003,backlog_age,168,197,5698,7.86,129,78,58
2026-02-15,ENT004,qa_defect_rate,190,236,3587,12.42,168,65,66
2026-02-15,ENT005,launch_readiness,179,211,3097,5.5,20,85,38
2026-02-15,ENT006,qa_defect_rate,75,93,4462,2.02,39,96,15
2026-02-15,ENT007,metric_certification,122,138,3077,7.93,47,77,37
2026-02-15,ENT008,launch_readiness,185,231,4223,7.18,122,85,46
2026-02-15,ENT009,gross_margin,164,177,437,11.18,147,72,46
2026-02-15,ENT010,qa_defect_rate,200,204,723,1.89,170,96,9
2026-02-15,ENT011,launch_readiness,253,223,4583,2.36,209,99,23
2026-02-15,ENT012,launch_readiness,124,150,1125,1.97,183,99,40
2026-02-15,ENT013,launch_readiness,132,100,2180,9.13,204,78,54
2026-02-15,ENT014,qa_defect_rate,87,106,2393,10.59,77,70,49
2026-02-15,ENT015,qa_defect_rate,213,177,8994,6.31,81,88,57
2026-02-15,ENT016,launch_readiness,143,126,7459,2.86,40,92,33
2026-02-15,ENT017,backlog_age,86,92,5781,4.44,129,91,18
2026-02-15,ENT018,launch_readiness,65,68,5707,14.38,206,57,81
2026-02-15,ENT019,gross_margin,250,210,7978,8.32,187,78,39
2026-02-15,ENT020,qa_defect_rate,222,189,6985,8.81,96,79,38
2026-02-15,ENT021,launch_readiness,194,225,1585,1.6,234,98,6
2026-02-15,ENT022,launch_readiness,86,94,4249,5.42,119,86,26
2026-02-15,ENT023,metric_certification,129,103,3936,9.33,56,77,69
2026-02-15,ENT024,backlog_age,182,164,7574,11.66,101,66,83
2026-02-16,ENT001,qa_defect_rate,143,114,8507,4.5,64,90,25
2026-02-16,ENT002,backlog_age,162,185,6797,7.73,98,80,49
2026-02-16,ENT003,automation_savings,213,243,1082,9.65,48,74,55
2026-02-16,ENT004,metric_certification,116,125,5530,9.14,67,76,56
2026-02-16,ENT005,automation_savings,217,180,2678,3.4,223,93,41
2026-02-16,ENT006,automation_savings,146,183,1641,12.26,226,69,56
2026-02-16,ENT007,backlog_age,166,199,5439,9.01,212,79,44
2026-02-16,ENT008,automation_savings,174,209,3427,4.88,38,91,20
2026-02-16,ENT009,automation_savings,216,218,6638,13.97,92,61,62
2026-02-16,ENT010,automation_savings,163,200,1181,2.82,165,96,29
2026-02-16,ENT011,automation_savings,250,220,7006,6.52,60,83,32
2026-02-16,ENT012,backlog_age,134,102,1194,8.4,89,75,48
2026-02-16,ENT013,gross_margin,107,120,139,12.26,112,69,49
2026-02-16,ENT014,gross_margin,179,206,6250,8.12,63,83,54
2026-02-16,ENT015,automation_savings,244,293,6509,13.66,163,59,71
2026-02-16,ENT016,launch_readiness,260,325,5029,9.11,100,74,52
2026-02-16,ENT017,metric_certification,237,218,426,12.7,183,67,69
2026-02-16,ENT018,launch_readiness,221,181,6114,10.77,101,68,67
2026-02-16,ENT019,launch_readiness,92,89,6489,2.34,95,95,24
2026-02-16,ENT020,launch_readiness,230,251,642,2.3,210,99,35
2026-02-16,ENT021,qa_defect_rate,255,194,8714,3.14,127,91,17
2026-02-16,ENT022,backlog_age,153,138,5228,12.26,34,70,53
2026-02-16,ENT023,automation_savings,120,148,2379,8.82,35,79,37
2026-02-16,ENT024,metric_certification,206,251,6776,2.16,136,98,41
2026-02-17,ENT001,qa_defect_rate,192,190,1273,9.8,137,78,54
2026-02-17,ENT002,qa_defect_rate,115,140,5402,6.98,109,79,61
2026-02-17,ENT003,qa_defect_rate,170,136,343,3.77,79,91,34
2026-02-17,ENT004,automation_savings,196,233,3846,2.77,79,99,18
2026-02-17,ENT005,qa_defect_rate,243,204,782,6.28,97,81,52
2026-02-17,ENT006,backlog_age,87,69,5797,8.19,145,78,47
2026-02-17,ENT007,backlog_age,251,186,8356,9.26,12,79,45
2026-02-17,ENT008,qa_defect_rate,261,219,5299,4.1,50,92,45
2026-02-17,ENT009,metric_certification,123,154,4972,4.61,37,86,29
2026-02-17,ENT010,metric_certification,107,119,2923,9.07,224,76,67
2026-02-17,ENT011,gross_margin,107,107,526,7.74,224,84,33
2026-02-17,ENT012,gross_margin,92,81,4092,12.01,87,68,71
2026-02-17,ENT013,launch_readiness,140,129,4469,3.16,134,95,40
2026-02-17,ENT014,gross_margin,270,329,8487,8.67,230,79,52
2026-02-17,ENT015,gross_margin,74,73,6294,7.04,107,79,37
2026-02-17,ENT016,metric_certification,81,92,8376,12.25,35,71,62
2026-02-17,ENT017,backlog_age,123,96,626,12.74,25,63,67
2026-02-17,ENT018,qa_defect_rate,84,81,4783,11.94,81,69,55
2026-02-17,ENT019,automation_savings,226,278,3390,14.4,115,63,58
2026-02-17,ENT020,qa_defect_rate,248,305,5812,9.47,224,72,69
2026-02-17,ENT021,launch_readiness,66,83,5533,4.51,178,87,35
2026-02-17,ENT022,backlog_age,186,199,7139,3.7,181,92,42
2026-02-17,ENT023,qa_defect_rate,154,177,7038,10.44,162,70,56
2026-02-17,ENT024,metric_certification,239,244,8176,14.19,109,64,68
2026-02-18,ENT001,launch_readiness,126,129,6328,14.04,69,62,82
2026-02-18,ENT002,automation_savings,199,167,1477,13.71,55,61,87
2026-02-18,ENT003,backlog_age,259,192,7514,14.17,80,63,69
2026-02-18,ENT004,gross_margin,187,230,6751,3.84,84,89,23
2026-02-18,ENT005,backlog_age,196,216,882,11.29,229,73,50
2026-02-18,ENT006,automation_savings,231,236,6747,12.56,174,65,81
2026-02-18,ENT007,backlog_age,248,273,5824,5,75,87,36
2026-02-18,ENT008,metric_certification,69,82,8017,13.74,122,63,72
2026-02-18,ENT009,qa_defect_rate,118,90,6719,4.61,197,93,24
2026-02-18,ENT010,automation_savings,233,219,3572,2.76,125,95,11
2026-02-18,ENT011,backlog_age,206,233,4788,13.72,44,67,69
2026-02-18,ENT012,backlog_age,131,144,6883,7.08,227,86,31
2026-02-18,ENT013,automation_savings,114,114,7494,1.74,114,99,24
2026-02-18,ENT014,automation_savings,211,169,5609,5.73,215,85,39
2026-02-18,ENT015,metric_certification,168,141,117,5.51,30,88,38
2026-02-18,ENT016,backlog_age,250,215,4529,4.96,207,90,51
2026-02-18,ENT017,qa_defect_rate,140,161,6514,9.81,38,78,44
2026-02-18,ENT018,automation_savings,231,245,6025,9.75,96,78,41
2026-02-18,ENT019,qa_defect_rate,120,98,7173,9.96,221,78,71
2026-02-18,ENT020,metric_certification,141,173,8411,8.37,131,76,50
2026-02-18,ENT021,launch_readiness,102,110,8897,9.34,173,76,55
2026-02-18,ENT022,launch_readiness,199,159,4259,8.99,138,79,60
2026-02-18,ENT023,automation_savings,211,230,7451,4.02,39,93,36
2026-02-18,ENT024,qa_defect_rate,224,228,5491,11.18,100,74,47
2026-02-19,ENT001,backlog_age,71,89,3733,6.24,187,88,29
2026-02-19,ENT002,backlog_age,80,88,6022,3.53,59,92,42
2026-02-19,ENT003,launch_readiness,110,125,2098,3.05,195,93,34
2026-02-19,ENT004,metric_certification,116,117,6849,13.17,17,68,57
2026-02-19,ENT005,launch_readiness,67,69,8687,5.82,120,88,29
2026-02-19,ENT006,gross_margin,109,112,5457,12.34,64,64,82
2026-02-19,ENT007,gross_margin,81,82,2992,8.81,173,75,49
2026-02-19,ENT008,launch_readiness,134,154,3072,6.98,48,83,50
2026-02-19,ENT009,launch_readiness,275,237,7551,12.76,159,62,86
2026-02-19,ENT010,gross_margin,149,168,2979,8.26,162,78,38
2026-02-19,ENT011,backlog_age,122,93,5984,9.42,64,79,57
2026-02-19,ENT012,launch_readiness,224,249,8861,4.16,160,91,33
2026-02-19,ENT013,automation_savings,183,227,3772,5.14,181,89,22
2026-02-19,ENT014,backlog_age,122,129,5275,9.04,168,74,58
2026-02-19,ENT015,qa_defect_rate,182,187,8736,5.42,102,87,37
2026-02-19,ENT016,automation_savings,174,148,589,9.16,127,77,51
2026-02-19,ENT017,automation_savings,92,90,2609,12.45,209,63,72
2026-02-19,ENT018,automation_savings,218,174,7463,12.31,154,69,55
2026-02-19,ENT019,launch_readiness,156,119,1801,9.72,212,78,47
2026-02-19,ENT020,launch_readiness,257,303,5501,6.31,210,88,57
2026-02-19,ENT021,metric_certification,250,283,2211,11.55,184,72,71
2026-02-19,ENT022,backlog_age,258,297,2014,8.6,228,81,56
2026-02-19,ENT023,metric_certification,109,126,4306,8.64,237,77,64
2026-02-19,ENT024,launch_readiness,162,159,3593,11.81,17,72,65
2026-02-20,ENT001,qa_defect_rate,209,226,2540,4.69,193,91,27
2026-02-20,ENT002,gross_margin,118,118,5510,7.32,70,83,45
2026-02-20,ENT003,metric_certification,267,320,1509,13.88,167,65,62
2026-02-20,ENT004,qa_defect_rate,276,293,7893,8.79,101,75,48
2026-02-20,ENT005,automation_savings,118,94,5370,6.51,13,85,31
2026-02-20,ENT006,gross_margin,162,188,5126,10.78,79,72,47
2026-02-20,ENT007,gross_margin,160,158,7239,10.52,136,75,67
2026-02-20,ENT008,launch_readiness,187,165,2022,12.25,135,65,64
2026-02-20,ENT009,automation_savings,75,61,5366,5.06,24,86,44
2026-02-20,ENT010,metric_certification,165,182,3227,14.17,228,61,81
2026-02-20,ENT011,backlog_age,131,156,1458,9.05,198,75,45
2026-02-20,ENT012,automation_savings,181,228,2631,4.07,52,90,37
2026-02-20,ENT013,backlog_age,125,135,7927,13.76,66,59,74
2026-02-20,ENT014,metric_certification,176,192,8451,5.58,68,89,30
2026-02-20,ENT015,gross_margin,254,206,1620,6.34,96,85,49
2026-02-20,ENT016,backlog_age,174,195,5884,11.04,45,72,66
2026-02-20,ENT017,launch_readiness,267,278,2422,6.42,127,86,42
2026-02-20,ENT018,gross_margin,84,97,8949,5,93,91,43
2026-02-20,ENT019,qa_defect_rate,125,136,228,11.65,176,67,64
2026-02-20,ENT020,gross_margin,139,106,5298,13.83,111,61,57
2026-02-20,ENT021,backlog_age,231,284,6791,8.26,112,81,35
2026-02-20,ENT022,backlog_age,267,280,8062,12.28,144,63,76
2026-02-20,ENT023,metric_certification,149,156,522,7.64,16,81,41
2026-02-20,ENT024,qa_defect_rate,104,80,660,12,52,67,52
2026-02-21,ENT001,metric_certification,128,142,5108,4.88,74,86,49
2026-02-21,ENT002,launch_readiness,84,68,6484,7.18,97,83,56
2026-02-21,ENT003,launch_readiness,250,208,7550,2.35,27,99,17
2026-02-21,ENT004,launch_readiness,157,143,6949,11.02,157,72,46
2026-02-21,ENT005,automation_savings,233,289,1098,7.26,208,80,53
2026-02-21,ENT006,metric_certification,241,186,2259,14.36,85,61,68
2026-02-21,ENT007,qa_defect_rate,87,100,1413,3.21,79,98,34
2026-02-21,ENT008,launch_readiness,226,280,817,9.22,63,72,72
2026-02-21,ENT009,gross_margin,128,138,297,12.78,176,69,82
2026-02-21,ENT010,automation_savings,211,205,8626,12.36,47,70,61
2026-02-21,ENT011,qa_defect_rate,130,138,8623,4.06,191,90,24
2026-02-21,ENT012,gross_margin,82,80,867,10.84,123,68,65
2026-02-21,ENT013,gross_margin,201,245,1136,5.22,238,88,24
2026-02-21,ENT014,launch_readiness,171,207,494,11.6,181,70,47
2026-02-21,ENT015,gross_margin,150,192,3986,11.1,70,70,78
2026-02-21,ENT016,gross_margin,197,146,5214,13.01,39,65,73
2026-02-21,ENT017,backlog_age,146,165,3853,6.74,119,84,36
2026-02-21,ENT018,qa_defect_rate,137,137,3644,2.41,33,95,12
2026-02-21,ENT019,qa_defect_rate,86,75,8718,3.95,27,92,22
2026-02-21,ENT020,metric_certification,242,218,406,5.73,228,87,39
2026-02-21,ENT021,backlog_age,253,215,1583,12.88,143,69,72
2026-02-21,ENT022,backlog_age,185,233,5529,7,95,84,35
2026-02-21,ENT023,metric_certification,256,294,1247,13.59,59,66,75
2026-02-21,ENT024,launch_readiness,158,153,6021,10.93,229,73,64
2026-02-22,ENT001,automation_savings,116,117,7108,5.59,100,84,49
2026-02-22,ENT002,launch_readiness,232,220,8793,14.48,204,58,92
2026-02-22,ENT003,qa_defect_rate,66,79,6414,5.42,87,86,30
2026-02-22,ENT004,gross_margin,160,125,3310,4.4,66,89,19
2026-02-22,ENT005,launch_readiness,136,151,8266,5.21,150,92,38
2026-02-22,ENT006,metric_certification,251,259,4514,6.83,232,82,45
2026-02-22,ENT007,gross_margin,164,195,6271,9.22,173,73,53
2026-02-22,ENT008,automation_savings,90,89,6556,6.82,25,81,59
2026-02-22,ENT009,gross_margin,238,286,3624,5.45,147,87,32
2026-02-22,ENT010,launch_readiness,273,281,7880,10.93,81,72,47
2026-02-22,ENT011,backlog_age,70,57,2522,2.16,72,99,33
2026-02-22,ENT012,automation_savings,274,238,633,5.78,197,88,51
2026-02-22,ENT013,launch_readiness,79,66,2483,12.44,87,64,72
2026-02-22,ENT014,qa_defect_rate,173,138,4672,7.58,142,84,51
2026-02-22,ENT015,qa_defect_rate,116,100,7603,12.79,139,67,62
2026-02-22,ENT016,qa_defect_rate,240,266,3448,7.74,18,80,50
2026-02-22,ENT017,launch_readiness,125,148,7035,5.67,114,84,34
2026-02-22,ENT018,automation_savings,94,96,4781,9.42,154,76,37
2026-02-22,ENT019,qa_defect_rate,152,150,82,4.06,193,93,27
2026-02-22,ENT020,backlog_age,215,211,3499,12.07,99,67,67
2026-02-22,ENT021,backlog_age,148,185,3442,3.04,64,96,34
2026-02-22,ENT022,launch_readiness,240,238,6532,9.02,115,76,63
2026-02-22,ENT023,gross_margin,193,168,4938,3.33,198,97,29
2026-02-22,ENT024,launch_readiness,268,322,4476,11.02,169,68,45
2026-02-23,ENT001,gross_margin,84,96,6442,8.85,145,78,44
2026-02-23,ENT002,automation_savings,225,189,5602,4.82,57,90,31
2026-02-23,ENT003,qa_defect_rate,204,157,4363,11.31,36,69,74
2026-02-23,ENT004,backlog_age,96,102,7422,2.72,220,95,15
2026-02-23,ENT005,automation_savings,250,240,5820,13.75,25,65,87
2026-02-23,ENT006,automation_savings,151,154,3938,14.16,43,61,61
2026-02-23,ENT007,qa_defect_rate,100,94,202,2.13,191,99,24
2026-02-23,ENT008,launch_readiness,99,72,1809,4.22,44,92,45
2026-02-23,ENT009,qa_defect_rate,264,219,2098,7.83,207,83,62
2026-02-23,ENT010,qa_defect_rate,176,197,840,8.26,168,76,38
2026-02-23,ENT011,automation_savings,174,190,5028,14.3,154,63,67
2026-02-23,ENT012,qa_defect_rate,86,104,1225,12.43,152,70,82
2026-02-23,ENT013,backlog_age,129,115,6525,6.55,196,86,52
2026-02-23,ENT014,metric_certification,87,90,1879,3.25,103,97,20
2026-02-23,ENT015,launch_readiness,239,225,6469,7.73,18,84,30
2026-02-23,ENT016,launch_readiness,143,143,7686,4.17,174,94,15
2026-02-23,ENT017,gross_margin,222,162,5406,11.74,100,70,59
2026-02-23,ENT018,automation_savings,156,145,1061,8.13,235,77,48
2026-02-23,ENT019,automation_savings,275,215,2884,6.71,20,80,31
2026-02-23,ENT020,automation_savings,192,213,2722,14.14,229,61,74
2026-02-23,ENT021,gross_margin,229,238,4695,11.65,175,68,78
2026-02-23,ENT022,gross_margin,68,49,7579,11.81,71,68,51
2026-02-23,ENT023,gross_margin,209,186,3364,8.93,89,74,39
2026-02-23,ENT024,launch_readiness,218,257,895,4.94,238,91,39
2026-02-24,ENT001,metric_certification,214,186,3239,6.91,137,87,55
2026-02-24,ENT002,gross_margin,211,247,1221,9.07,64,80,61
2026-02-24,ENT003,backlog_age,133,136,972,11.46,73,71,75
2026-02-24,ENT004,metric_certification,260,296,5198,10.05,156,75,55
2026-02-24,ENT005,gross_margin,189,178,1696,10.54,76,75,46
2026-02-24,ENT006,metric_certification,168,181,3727,13.59,239,64,77
2026-02-24,ENT007,launch_readiness,89,83,8423,10.76,191,73,69
2026-02-24,ENT008,backlog_age,199,235,7056,3.85,198,96,46
2026-02-24,ENT009,backlog_age,117,103,2538,8.95,229,79,68
2026-02-24,ENT010,backlog_age,227,277,7427,5.95,202,88,51
2026-02-24,ENT011,automation_savings,69,63,4564,2.7,126,95,24
2026-02-24,ENT012,qa_defect_rate,188,233,4166,5.6,154,86,52
2026-02-24,ENT013,automation_savings,128,110,1127,13.94,68,59,83
2026-02-24,ENT014,automation_savings,86,83,2005,11.61,43,72,52
2026-02-24,ENT015,automation_savings,230,179,5732,8.51,164,78,58
2026-02-24,ENT016,automation_savings,225,225,497,14.47,74,61,84
2026-02-24,ENT017,launch_readiness,82,89,3558,10.71,120,71,57
2026-02-24,ENT018,qa_defect_rate,146,164,1256,9.92,113,71,60
2026-02-24,ENT019,backlog_age,246,207,3317,9.85,50,71,71
2026-02-24,ENT020,launch_readiness,146,140,6290,9.5,42,79,36
2026-02-24,ENT021,metric_certification,221,263,8816,9.84,149,76,41
2026-02-24,ENT022,launch_readiness,218,235,7405,12.12,113,71,60
2026-02-24,ENT023,metric_certification,174,155,8363,13.73,134,63,72
2026-02-24,ENT024,backlog_age,277,227,2377,1.62,171,99,35
2026-02-25,ENT001,gross_margin,93,77,8780,8.29,63,79,42
2026-02-25,ENT002,metric_certification,174,190,2193,9.34,231,72,42
2026-02-25,ENT003,automation_savings,233,168,6964,13.58,228,65,73
2026-02-25,ENT004,qa_defect_rate,140,154,2623,7.68,153,82,43
2026-02-25,ENT005,gross_margin,268,212,6060,2.45,146,96,37
2026-02-25,ENT006,launch_readiness,154,174,388,11.62,229,72,78
2026-02-25,ENT007,launch_readiness,164,207,4864,2.2,59,99,14
2026-02-25,ENT008,gross_margin,174,165,405,11.38,167,70,59
2026-02-25,ENT009,launch_readiness,193,139,5077,14.06,143,65,84
2026-02-25,ENT010,automation_savings,144,131,5195,8.87,133,79,67
2026-02-25,ENT011,gross_margin,85,102,703,10.8,187,75,43
2026-02-25,ENT012,qa_defect_rate,230,209,4291,2.34,195,96,32
2026-02-25,ENT013,launch_readiness,121,106,3146,12.26,173,66,80
2026-02-25,ENT014,automation_savings,184,178,8246,9.89,225,77,72
2026-02-25,ENT015,launch_readiness,66,61,3850,4.96,178,89,20
2026-02-25,ENT016,automation_savings,218,275,2360,2.06,25,96,34
2026-02-25,ENT017,qa_defect_rate,259,243,8311,4.6,45,92,38
2026-02-25,ENT018,metric_certification,157,163,7448,3.38,138,93,40
2026-02-25,ENT019,metric_certification,124,100,7645,1.67,198,97,16
2026-02-25,ENT020,qa_defect_rate,102,92,6805,11.93,158,72,80
2026-02-25,ENT021,metric_certification,116,136,3672,11,171,71,56
2026-02-25,ENT022,qa_defect_rate,220,251,6979,9.92,220,73,69
2026-02-25,ENT023,gross_margin,229,291,7244,4.31,105,95,28
2026-02-25,ENT024,launch_readiness,120,149,411,13.24,220,62,74
2026-02-26,ENT001,launch_readiness,226,283,896,11.78,195,67,64
2026-02-26,ENT002,metric_certification,153,155,8369,4,167,94,32
2026-02-26,ENT003,launch_readiness,82,84,8531,2.62,130,98,18
2026-02-26,ENT004,launch_readiness,137,163,7912,6.15,91,87,41
2026-02-26,ENT005,launch_readiness,212,195,4546,12.64,137,66,77
2026-02-26,ENT006,launch_readiness,228,280,1579,4.98,163,87,22
2026-02-26,ENT007,gross_margin,196,210,1363,11.78,195,67,52
2026-02-26,ENT008,backlog_age,76,80,6796,9.73,145,76,62
2026-02-26,ENT009,qa_defect_rate,79,79,3154,5.69,163,85,35
2026-02-26,ENT010,launch_readiness,126,127,684,12.13,197,69,62
2026-02-26,ENT011,automation_savings,173,216,4169,7.31,139,82,44
2026-02-26,ENT012,qa_defect_rate,130,113,7584,9.94,99,77,65
2026-02-26,ENT013,automation_savings,209,257,4905,8.41,128,82,56
2026-02-26,ENT014,launch_readiness,230,216,8188,4.58,60,91,33
2026-02-26,ENT015,qa_defect_rate,210,187,1511,3.16,175,96,14
2026-02-26,ENT016,qa_defect_rate,119,117,305,11.62,162,67,57
2026-02-26,ENT017,launch_readiness,75,59,1957,11.69,34,69,67
2026-02-26,ENT018,launch_readiness,122,99,6109,6.38,33,84,54
2026-02-26,ENT019,gross_margin,238,236,6521,12.65,208,69,59
2026-02-26,ENT020,backlog_age,139,124,8024,12.5,116,64,70
2026-02-26,ENT021,gross_margin,174,191,6118,5.79,28,90,24
2026-02-26,ENT022,gross_margin,85,106,576,8.47,201,78,37
2026-02-26,ENT023,qa_defect_rate,137,121,7384,9.49,59,79,56
2026-02-26,ENT024,backlog_age,123,116,6556,3.21,234,96,36
2026-02-27,ENT001,gross_margin,93,74,4248,6.37,176,81,49
2026-02-27,ENT002,automation_savings,243,221,3991,7.66,223,78,49
2026-02-27,ENT003,metric_certification,168,171,3016,5.8,151,87,48
2026-02-27,ENT004,launch_readiness,279,338,4748,6.27,134,88,51
2026-02-27,ENT005,qa_defect_rate,228,178,2861,2.5,234,97,11
2026-02-27,ENT006,automation_savings,134,137,8266,6.66,21,84,37
2026-02-27,ENT007,qa_defect_rate,110,84,3067,13.07,143,66,53
2026-02-27,ENT008,automation_savings,227,213,8799,11.09,153,69,66
2026-02-27,ENT009,metric_certification,65,53,1360,8.6,104,76,50
2026-02-27,ENT010,metric_certification,213,173,2666,14.08,231,63,70
2026-02-27,ENT011,qa_defect_rate,125,143,1155,3.19,67,95,42
2026-02-27,ENT012,backlog_age,74,59,4419,12.96,201,67,79
2026-02-27,ENT013,launch_readiness,116,142,962,12.52,62,66,54
2026-02-27,ENT014,launch_readiness,131,124,568,5.41,154,87,44
2026-02-27,ENT015,qa_defect_rate,104,100,1634,12.43,100,70,55
2026-02-27,ENT016,gross_margin,198,230,1432,13.07,223,69,81
2026-02-27,ENT017,metric_certification,194,244,4695,14.48,73,63,88
2026-02-27,ENT018,backlog_age,241,304,3781,14.04,34,64,80
2026-02-27,ENT019,backlog_age,109,80,1748,11.48,110,73,46
2026-02-27,ENT020,metric_certification,175,179,7011,5.5,194,87,23
2026-02-27,ENT021,launch_readiness,66,48,8480,14.09,21,60,86
2026-02-27,ENT022,launch_readiness,95,71,2545,14.24,148,59,91
2026-02-27,ENT023,automation_savings,146,137,552,9.37,111,80,36
2026-02-27,ENT024,qa_defect_rate,69,54,7843,3.22,123,95,31
2026-02-28,ENT001,automation_savings,90,99,1127,10.35,165,72,54
2026-02-28,ENT002,qa_defect_rate,159,148,2292,12.17,121,68,75
2026-02-28,ENT003,qa_defect_rate,174,172,7834,1.57,36,96,36
2026-02-28,ENT004,metric_certification,214,240,5807,12.1,48,70,59
2026-02-28,ENT005,automation_savings,146,158,8940,1.67,225,95,13
2026-02-28,ENT006,automation_savings,100,83,5806,6.89,67,81,38
2026-02-28,ENT007,gross_margin,101,85,8434,8.92,190,77,61
2026-02-28,ENT008,gross_margin,143,114,133,4.87,43,93,22
2026-02-28,ENT009,gross_margin,277,294,6516,11.82,67,67,59
2026-02-28,ENT010,qa_defect_rate,68,58,4304,3.35,129,94,26
2026-02-28,ENT011,metric_certification,213,219,6844,12.65,115,68,55
2026-02-28,ENT012,qa_defect_rate,89,95,5242,12.19,210,67,71
2026-02-28,ENT013,gross_margin,262,225,5942,11.99,159,71,55
2026-02-28,ENT014,launch_readiness,274,323,4194,12.38,29,70,81
2026-02-28,ENT015,automation_savings,103,99,447,6.37,179,81,56
2026-02-28,ENT016,backlog_age,130,163,6149,5.59,230,84,31
2026-02-28,ENT017,launch_readiness,259,233,3277,11.75,204,71,68
2026-02-28,ENT018,gross_margin,123,137,316,11.72,204,67,65
2026-02-28,ENT019,metric_certification,172,205,6278,9.11,217,79,70
2026-02-28,ENT020,metric_certification,184,177,3059,14.48,44,63,64
2026-02-28,ENT021,launch_readiness,159,164,5313,7.04,50,82,45
2026-02-28,ENT022,automation_savings,154,126,2701,10.97,212,74,59
2026-02-28,ENT023,metric_certification,127,146,7505,13.27,205,68,53
2026-02-28,ENT024,qa_defect_rate,227,270,2450,9.19,79,75,60
2026-03-01,ENT001,automation_savings,236,260,2812,6.23,148,85,33
2026-03-01,ENT002,automation_savings,102,79,892,12.65,97,67,58
2026-03-01,ENT003,backlog_age,267,230,6947,10.64,41,72,69
2026-03-01,ENT004,launch_readiness,76,78,8152,4.92,111,87,38
2026-03-01,ENT005,qa_defect_rate,66,65,6190,4.04,181,89,36
2026-03-01,ENT006,launch_readiness,190,217,8546,12.17,165,67,76
2026-03-01,ENT007,backlog_age,199,175,314,5.4,222,86,31
2026-03-01,ENT008,launch_readiness,251,228,3507,9.76,178,72,60
2026-03-01,ENT009,qa_defect_rate,250,283,913,7.62,209,78,49
2026-03-01,ENT010,metric_certification,268,196,990,10.79,69,74,44
2026-03-01,ENT011,backlog_age,122,151,2969,14.13,27,59,60
2026-03-01,ENT012,automation_savings,255,275,4886,11.69,118,69,60
2026-03-01,ENT013,backlog_age,265,225,1020,10.47,209,71,56
2026-03-01,ENT014,launch_readiness,242,211,4423,2.72,179,96,39
2026-03-01,ENT015,gross_margin,185,157,5328,13.8,16,64,85
2026-03-01,ENT016,backlog_age,76,66,8176,4.6,34,90,30
2026-03-01,ENT017,qa_defect_rate,180,212,4523,5.52,74,91,53
2026-03-01,ENT018,automation_savings,76,70,6716,14.02,211,59,83
2026-03-01,ENT019,launch_readiness,274,238,8536,6.77,216,83,53
2026-03-01,ENT020,metric_certification,191,206,6614,14.25,57,61,84
2026-03-01,ENT021,metric_certification,232,206,2323,11.05,74,75,47
2026-03-01,ENT022,automation_savings,222,249,2011,11.65,145,73,46
2026-03-01,ENT023,gross_margin,220,174,6633,7.77,113,83,35
2026-03-01,ENT024,backlog_age,272,296,8628,7.3,124,81,53
2026-03-02,ENT001,metric_certification,174,176,4975,5.78,168,85,35
2026-03-02,ENT002,metric_certification,112,94,8565,7.47,216,80,33
2026-03-02,ENT003,backlog_age,239,292,4387,4.95,24,88,50
2026-03-02,ENT004,backlog_age,267,302,2159,8.29,203,78,67
2026-03-02,ENT005,automation_savings,142,131,7005,6.77,232,85,33
2026-03-02,ENT006,automation_savings,97,87,6304,6.22,239,84,56
2026-03-02,ENT007,gross_margin,278,311,8383,11.84,183,72,80
2026-03-02,ENT008,backlog_age,176,208,8180,8.67,67,75,49
2026-03-02,ENT009,metric_certification,219,239,4751,4.5,61,93,41
2026-03-02,ENT010,backlog_age,153,191,8185,5.53,60,84,36
2026-03-02,ENT011,metric_certification,233,263,253,2.36,60,99,37
2026-03-02,ENT012,gross_margin,274,249,416,5.76,206,88,38
2026-03-02,ENT013,backlog_age,224,206,5283,1.85,53,95,15
2026-03-02,ENT014,metric_certification,101,105,6681,8.92,240,78,43
2026-03-02,ENT015,launch_readiness,169,127,8045,1.81,181,96,16
2026-03-02,ENT016,backlog_age,249,219,3463,2.78,227,95,31
2026-03-02,ENT017,backlog_age,139,126,8564,14.05,67,60,70
2026-03-02,ENT018,qa_defect_rate,248,201,532,12.82,233,67,52
2026-03-02,ENT019,backlog_age,95,115,8094,8.89,81,79,42
2026-03-02,ENT020,backlog_age,275,217,3589,8.85,228,81,68
2026-03-02,ENT021,automation_savings,114,115,7446,3.76,107,91,20
2026-03-02,ENT022,qa_defect_rate,95,80,3674,6.53,210,81,32
2026-03-02,ENT023,gross_margin,190,177,5312,8.71,121,74,43
2026-03-02,ENT024,backlog_age,151,181,2254,12.96,109,68,75
2026-03-03,ENT001,qa_defect_rate,246,295,5516,11.01,97,73,72
2026-03-03,ENT002,qa_defect_rate,66,75,632,11.24,143,70,71
2026-03-03,ENT003,launch_readiness,148,169,6420,11.73,128,66,79
2026-03-03,ENT004,launch_readiness,167,214,7191,10.01,32,73,60
2026-03-03,ENT005,automation_savings,150,134,8171,10.24,106,72,44
2026-03-03,ENT006,backlog_age,207,176,8965,2.04,40,97,39
2026-03-03,ENT007,backlog_age,261,219,2111,1.83,73,98,17
2026-03-03,ENT008,gross_margin,237,249,5643,13.77,190,64,66
2026-03-03,ENT009,metric_certification,255,298,4780,14.25,122,62,88
2026-03-03,ENT010,automation_savings,193,222,7901,11.91,166,65,66
2026-03-03,ENT011,backlog_age,123,157,2730,14.27,72,61,89
2026-03-03,ENT012,metric_certification,119,96,8966,4.93,123,93,34
2026-03-03,ENT013,automation_savings,77,72,4366,9.26,50,80,53
2026-03-03,ENT014,automation_savings,187,224,784,1.72,135,96,12
2026-03-03,ENT015,backlog_age,139,126,2595,5.72,162,86,33
2026-03-03,ENT016,qa_defect_rate,273,314,8029,9.05,90,74,50
2026-03-03,ENT017,gross_margin,155,113,8840,6.86,169,83,48
2026-03-03,ENT018,backlog_age,192,204,6147,3.22,50,94,26
2026-03-03,ENT019,launch_readiness,235,235,6756,10.2,68,75,62
2026-03-03,ENT020,automation_savings,139,100,8889,5.57,150,85,28
2026-03-03,ENT021,gross_margin,122,138,4087,5.05,221,90,21
2026-03-03,ENT022,launch_readiness,271,282,4195,2.07,44,97,29
2026-03-03,ENT023,launch_readiness,68,78,4232,9.16,117,74,43
2026-03-03,ENT024,qa_defect_rate,77,97,6039,5.85,171,89,54
2026-03-04,ENT001,metric_certification,201,209,4566,14.21,93,59,65
2026-03-04,ENT002,launch_readiness,111,134,8165,2.81,57,97,43
2026-03-04,ENT003,qa_defect_rate,108,102,3696,9.42,99,73,62
2026-03-04,ENT004,metric_certification,71,60,243,14.12,48,64,72
2026-03-04,ENT005,qa_defect_rate,138,144,8704,5.09,48,89,41
2026-03-04,ENT006,backlog_age,103,81,1886,2.86,59,95,25
2026-03-04,ENT007,backlog_age,127,144,6714,4.19,178,90,20
2026-03-04,ENT008,qa_defect_rate,166,208,7455,1.51,168,99,20
2026-03-04,ENT009,gross_margin,272,316,7823,12.88,36,69,60
2026-03-04,ENT010,launch_readiness,265,257,2221,5.55,52,85,52
2026-03-04,ENT011,backlog_age,280,213,7742,12.09,207,68,78
2026-03-04,ENT012,automation_savings,246,280,5302,10.03,35,76,50
2026-03-04,ENT013,gross_margin,247,222,3974,7.11,156,84,41
2026-03-04,ENT014,backlog_age,242,240,5541,7.09,71,84,58
2026-03-04,ENT015,backlog_age,237,275,3049,12.11,187,68,69
2026-03-04,ENT016,qa_defect_rate,253,293,4443,9.59,100,75,54
2026-03-04,ENT017,gross_margin,86,74,1022,8.73,196,74,57
2026-03-04,ENT018,backlog_age,164,154,5572,9.59,182,75,39
2026-03-04,ENT019,qa_defect_rate,267,222,8554,8.64,34,81,45
2026-03-04,ENT020,automation_savings,186,210,3969,1.98,161,96,7
2026-03-04,ENT021,automation_savings,192,213,4643,12.08,89,70,75
2026-03-04,ENT022,gross_margin,223,272,2311,8.03,27,76,53
2026-03-04,ENT023,qa_defect_rate,156,172,6310,5.45,42,91,32
2026-03-04,ENT024,automation_savings,102,117,323,7.91,46,83,62
2026-03-05,ENT001,metric_certification,274,321,4486,10.87,143,68,52
2026-03-05,ENT002,gross_margin,233,184,2025,3.3,195,95,34
2026-03-05,ENT003,metric_certification,70,75,6941,5.72,192,85,37
2026-03-05,ENT004,qa_defect_rate,114,121,5139,1.94,73,99,7
2026-03-05,ENT005,gross_margin,204,224,930,11.23,128,70,60
2026-03-05,ENT006,automation_savings,67,79,8336,2.17,163,96,17
2026-03-05,ENT007,automation_savings,125,121,5043,12.01,156,71,61
2026-03-05,ENT008,launch_readiness,177,172,644,3.54,137,91,47
2026-03-05,ENT009,backlog_age,233,233,5088,5.65,189,89,34
2026-03-05,ENT010,qa_defect_rate,87,73,4376,4.32,126,91,23
2026-03-05,ENT011,metric_certification,172,175,5943,13.26,208,61,79
2026-03-05,ENT012,qa_defect_rate,89,66,2096,12.09,164,68,52
2026-03-05,ENT013,gross_margin,134,129,3123,12.04,160,68,57
2026-03-05,ENT014,automation_savings,279,206,6308,2.29,84,93,12
2026-03-05,ENT015,gross_margin,226,203,7863,10.82,85,74,73
2026-03-05,ENT016,qa_defect_rate,135,143,4265,6.81,110,83,58
2026-03-05,ENT017,metric_certification,272,299,850,8.67,20,78,56
2026-03-05,ENT018,automation_savings,257,262,890,7.53,67,83,41
2026-03-05,ENT019,backlog_age,252,222,1912,5.42,125,85,23
2026-03-05,ENT020,qa_defect_rate,227,284,8193,11.87,195,66,60
2026-03-05,ENT021,gross_margin,104,100,5898,12.23,125,67,63
2026-03-05,ENT022,gross_margin,125,125,7909,11.38,138,70,55
2026-03-05,ENT023,metric_certification,164,197,7775,10.17,127,74,52
2026-03-05,ENT024,qa_defect_rate,118,106,3354,5.29,212,88,34
2026-03-06,ENT001,automation_savings,109,134,946,12.78,61,64,80
2026-03-06,ENT002,metric_certification,255,212,8825,11.07,164,74,43
2026-03-06,ENT003,launch_readiness,255,260,2346,11.61,39,67,65
2026-03-06,ENT004,automation_savings,265,268,3334,10,215,75,70
2026-03-06,ENT005,gross_margin,72,67,6165,12.79,21,67,62
2026-03-06,ENT006,automation_savings,218,211,290,9.72,45,75,55
2026-03-06,ENT007,backlog_age,126,147,8934,8.61,180,76,51
2026-03-06,ENT008,backlog_age,106,128,1231,2.8,64,98,21
2026-03-06,ENT009,qa_defect_rate,159,119,7857,14.09,112,58,88
2026-03-06,ENT010,qa_defect_rate,73,75,3067,3.32,168,96,26
2026-03-06,ENT011,automation_savings,183,150,8056,12.49,106,66,67
2026-03-06,ENT012,backlog_age,211,173,5333,5.41,103,86,31
2026-03-06,ENT013,qa_defect_rate,269,226,3059,4.93,133,92,39
2026-03-06,ENT014,automation_savings,149,139,8512,6.79,40,80,44
2026-03-06,ENT015,qa_defect_rate,139,114,8805,7.93,200,84,37
2026-03-06,ENT016,backlog_age,133,156,3444,6.41,27,88,54
2026-03-06,ENT017,backlog_age,250,203,8457,11.95,27,67,53
2026-03-06,ENT018,qa_defect_rate,188,160,5332,1.92,112,99,7
2026-03-06,ENT019,qa_defect_rate,88,81,4243,4.99,82,87,41
2026-03-06,ENT020,gross_margin,126,132,7475,13.29,19,67,62
2026-03-06,ENT021,backlog_age,116,95,6869,9.15,115,73,48
2026-03-06,ENT022,qa_defect_rate,205,150,6347,2.38,184,97,20
2026-03-06,ENT023,qa_defect_rate,70,60,7084,13.15,200,63,83
2026-03-06,ENT024,backlog_age,71,87,8852,13.44,65,65,66
2026-03-07,ENT001,backlog_age,260,270,767,8.95,177,78,42
2026-03-07,ENT002,qa_defect_rate,272,209,3887,1.74,88,99,22
2026-03-07,ENT003,gross_margin,79,77,5096,2.27,237,97,30
2026-03-07,ENT004,metric_certification,123,135,5272,13.11,183,63,85
2026-03-07,ENT005,backlog_age,165,182,3353,10.16,139,72,55
2026-03-07,ENT006,automation_savings,86,78,5476,12.47,142,65,64
2026-03-07,ENT007,metric_certification,269,274,5696,6.59,22,82,56
2026-03-07,ENT008,backlog_age,276,240,704,11.46,197,67,63
2026-03-07,ENT009,metric_certification,122,146,2881,10.97,75,74,68
2026-03-07,ENT010,backlog_age,263,221,7068,13.93,14,65,82
2026-03-07,ENT011,metric_certification,101,79,275,7.74,213,83,55
2026-03-07,ENT012,backlog_age,155,164,5389,13.54,188,66,67
2026-03-07,ENT013,qa_defect_rate,160,157,7258,8.95,203,76,51
2026-03-07,ENT014,launch_readiness,187,198,1970,4.34,89,88,24
2026-03-07,ENT015,backlog_age,277,324,8795,12.76,20,67,82
2026-03-07,ENT016,gross_margin,85,68,159,4.3,44,92,50
2026-03-07,ENT017,gross_margin,254,305,8361,14.08,204,66,86
2026-03-07,ENT018,qa_defect_rate,157,199,7601,13.86,97,64,56
2026-03-07,ENT019,automation_savings,156,133,8430,2.07,165,98,15
2026-03-07,ENT020,qa_defect_rate,231,273,7800,13.55,139,66,62
2026-03-07,ENT021,gross_margin,115,112,8801,9.73,133,76,73
2026-03-07,ENT022,backlog_age,99,87,3051,13.49,32,60,75
2026-03-07,ENT023,backlog_age,123,92,4927,7.47,149,84,62
2026-03-07,ENT024,qa_defect_rate,174,134,3846,12.02,196,69,52
2026-03-08,ENT001,backlog_age,265,286,4080,4.66,192,91,48
2026-03-08,ENT002,automation_savings,214,154,443,6.17,143,86,51
2026-03-08,ENT003,automation_savings,82,103,5842,8.17,76,76,59
2026-03-08,ENT004,launch_readiness,195,246,5788,2.31,198,94,18
2026-03-08,ENT005,automation_savings,98,118,431,7,43,83,28
2026-03-08,ENT006,metric_certification,111,88,330,13.69,32,62,74
2026-03-08,ENT007,launch_readiness,103,107,2706,8.76,195,76,46
2026-03-08,ENT008,gross_margin,202,250,1704,5.94,160,83,32
2026-03-08,ENT009,gross_margin,249,254,5900,11.29,179,66,56
2026-03-08,ENT010,launch_readiness,106,85,619,11.74,14,71,68
2026-03-08,ENT011,launch_readiness,202,218,6701,13.21,218,61,56
2026-03-08,ENT012,automation_savings,162,206,3787,11.29,128,70,58
2026-03-08,ENT013,backlog_age,229,183,3584,11.47,101,72,69
2026-03-08,ENT014,gross_margin,137,105,5489,7.93,210,81,49
2026-03-08,ENT015,automation_savings,135,162,4059,11.91,228,64,64
2026-03-08,ENT016,automation_savings,96,106,3741,12.65,183,70,81
2026-03-08,ENT017,metric_certification,141,113,5154,13.84,137,62,84
2026-03-08,ENT018,backlog_age,202,202,7548,2.71,87,99,28
2026-03-08,ENT019,gross_margin,248,312,666,7.61,230,80,41
2026-03-08,ENT020,automation_savings,85,63,8462,10.18,207,71,73
2026-03-08,ENT021,backlog_age,254,185,6250,11.12,78,68,60
2026-03-08,ENT022,launch_readiness,142,136,5678,2.47,58,96,44
2026-03-08,ENT023,backlog_age,194,215,4220,2.46,145,99,41
2026-03-08,ENT024,qa_defect_rate,265,286,4357,9.95,115,76,43
2026-03-09,ENT001,metric_certification,141,123,4325,8.41,91,79,53
2026-03-09,ENT002,metric_certification,67,65,5033,6.46,111,88,51
2026-03-09,ENT003,metric_certification,219,258,6389,11.02,41,69,76
2026-03-09,ENT004,launch_readiness,186,192,1945,10.92,82,74,52
2026-03-09,ENT005,automation_savings,185,176,7564,10.19,30,73,69
2026-03-09,ENT006,gross_margin,147,159,8120,6.84,38,87,54
2026-03-09,ENT007,metric_certification,91,71,654,8.21,131,76,67
2026-03-09,ENT008,launch_readiness,98,91,179,4.93,89,92,49
2026-03-09,ENT009,qa_defect_rate,75,96,8125,7.34,126,79,60
2026-03-09,ENT010,launch_readiness,177,186,5874,1.63,119,99,31
2026-03-09,ENT011,automation_savings,170,155,149,7.36,91,79,42
2026-03-09,ENT012,launch_readiness,95,80,4282,2.71,145,99,20
2026-03-09,ENT013,automation_savings,92,95,8895,3.14,70,94,40
2026-03-09,ENT014,backlog_age,226,217,4425,7.78,212,80,33
2026-03-09,ENT015,automation_savings,122,110,1977,8.19,199,79,53
2026-03-09,ENT016,backlog_age,113,125,7908,7.89,67,77,57
2026-03-09,ENT017,backlog_age,253,276,5656,13.25,155,63,59
2026-03-09,ENT018,qa_defect_rate,203,235,7254,9.1,204,76,39
2026-03-09,ENT019,gross_margin,207,253,5055,9.81,193,75,58
2026-03-09,ENT020,automation_savings,143,177,2065,3.99,159,91,17
2026-03-09,ENT021,metric_certification,94,114,4921,13.71,137,62,76
2026-03-09,ENT022,automation_savings,77,90,6275,8.3,15,76,69
2026-03-09,ENT023,metric_certification,207,253,1193,10.7,189,72,56
2026-03-09,ENT024,automation_savings,235,249,1872,6.42,71,86,29
2026-03-10,ENT001,backlog_age,177,209,6093,5.98,147,86,33
2026-03-10,ENT002,backlog_age,86,69,8592,13.99,56,64,82
2026-03-10,ENT003,backlog_age,279,226,1849,8.77,218,78,54
2026-03-10,ENT004,backlog_age,67,81,1960,10.47,172,73,64
2026-03-10,ENT005,metric_certification,152,119,1468,3.88,232,95,33
2026-03-10,ENT006,automation_savings,96,122,821,1.67,81,96,14
2026-03-10,ENT007,backlog_age,104,108,2457,14.28,229,60,93
2026-03-10,ENT008,backlog_age,231,224,3230,4.33,176,93,17
2026-03-10,ENT009,automation_savings,264,240,2996,7.63,130,78,40
2026-03-10,ENT010,qa_defect_rate,248,184,2612,4.71,109,86,20
2026-03-10,ENT011,backlog_age,169,123,261,10.9,91,68,73
2026-03-10,ENT012,backlog_age,89,88,3938,8.08,61,83,54
2026-03-10,ENT013,gross_margin,279,229,6595,3.86,181,93,28
2026-03-10,ENT014,automation_savings,90,89,4206,10.38,187,71,63
2026-03-10,ENT015,backlog_age,270,254,3236,7.7,47,80,47
2026-03-10,ENT016,metric_certification,133,150,8610,8.7,61,75,58
2026-03-10,ENT017,qa_defect_rate,125,110,1079,4.57,187,89,31
2026-03-10,ENT018,automation_savings,91,68,2113,11.87,169,67,57
2026-03-10,ENT019,automation_savings,148,157,3330,13.13,27,68,79
2026-03-10,ENT020,launch_readiness,270,257,1285,12.03,217,71,77
2026-03-10,ENT021,automation_savings,112,100,3830,8.15,97,79,66
2026-03-10,ENT022,automation_savings,132,169,8039,8.21,168,82,35
2026-03-10,ENT023,gross_margin,141,148,3223,9.02,110,73,71
2026-03-10,ENT024,backlog_age,245,216,7952,3.84,144,92,21
2026-03-11,ENT001,qa_defect_rate,69,87,7284,12.38,232,71,55
2026-03-11,ENT002,backlog_age,148,112,4279,4.36,100,88,23
2026-03-11,ENT003,metric_certification,107,95,7407,2.62,65,96,25
2026-03-11,ENT004,launch_readiness,79,83,7354,1.77,175,99,13
2026-03-11,ENT005,gross_margin,204,255,5689,14.46,149,62,74
2026-03-11,ENT006,automation_savings,134,137,6162,11.16,142,70,50
2026-03-11,ENT007,automation_savings,67,75,4344,13.53,34,61,56
2026-03-11,ENT008,metric_certification,278,220,2345,3.34,217,96,25
2026-03-11,ENT009,qa_defect_rate,244,310,4024,10.93,234,71,60
2026-03-11,ENT010,automation_savings,142,118,8528,6.33,48,88,47
2026-03-11,ENT011,launch_readiness,208,239,2151,8.78,76,79,63
2026-03-11,ENT012,launch_readiness,115,95,2050,11.98,211,67,49
2026-03-11,ENT013,launch_readiness,83,97,161,10.77,108,74,51
2026-03-11,ENT014,metric_certification,279,254,3568,12.49,59,67,58
2026-03-11,ENT015,automation_savings,235,235,1834,6.76,172,86,36
2026-03-11,ENT016,launch_readiness,211,222,4027,11,129,70,49
2026-03-11,ENT017,metric_certification,207,168,2702,9.32,220,76,45
2026-03-11,ENT018,launch_readiness,67,78,7585,6.14,220,86,24
2026-03-11,ENT019,qa_defect_rate,236,288,6213,12.28,216,69,58
2026-03-11,ENT020,qa_defect_rate,169,183,3185,2.61,203,96,35
2026-03-11,ENT021,gross_margin,193,228,4223,14.32,29,62,59
2026-03-11,ENT022,launch_readiness,157,190,7476,8.7,152,78,40
2026-03-11,ENT023,launch_readiness,244,310,2079,3.51,24,91,43
2026-03-11,ENT024,metric_certification,79,66,707,7.9,14,77,51
2026-03-12,ENT001,automation_savings,213,222,8030,6.89,47,86,54
2026-03-12,ENT002,backlog_age,185,179,5328,8.44,193,77,56
2026-03-12,ENT003,backlog_age,245,289,4794,10.03,240,71,56
2026-03-12,ENT004,launch_readiness,87,92,4044,1.86,85,99,11
2026-03-12,ENT005,automation_savings,173,144,1402,6.57,24,80,54
2026-03-12,ENT006,automation_savings,273,330,580,12.56,28,66,53
2026-03-12,ENT007,metric_certification,174,167,4772,8.81,59,81,61
2026-03-12,ENT008,launch_readiness,184,210,164,4.36,62,90,51
2026-03-12,ENT009,backlog_age,142,145,191,6.26,83,86,48
2026-03-12,ENT010,gross_margin,168,126,7862,8.11,58,80,38
2026-03-12,ENT011,gross_margin,129,160,3162,2.2,189,96,11
2026-03-12,ENT012,metric_certification,199,145,141,2.18,76,99,15
2026-03-12,ENT013,launch_readiness,142,135,4217,11.26,36,68,65
2026-03-12,ENT014,gross_margin,108,99,3479,14.07,34,65,64
2026-03-12,ENT015,automation_savings,159,146,2921,4.96,118,91,42
2026-03-12,ENT016,qa_defect_rate,237,211,3487,13.96,65,64,57
2026-03-12,ENT017,automation_savings,141,154,6197,13.27,70,61,78
2026-03-12,ENT018,metric_certification,169,189,5684,3.28,192,97,32
2026-03-12,ENT019,automation_savings,263,316,8819,5.21,162,88,33
2026-03-12,ENT020,backlog_age,243,180,7060,12.26,225,64,61
2026-03-12,ENT021,qa_defect_rate,276,224,655,3.37,62,96,38
2026-03-12,ENT022,launch_readiness,274,279,3325,6.49,119,85,34
2026-03-12,ENT023,metric_certification,173,176,678,3.49,101,95,20
2026-03-12,ENT024,backlog_age,219,177,5074,1.51,101,96,29
2026-03-13,ENT001,launch_readiness,198,228,1771,11.03,35,67,74
2026-03-13,ENT002,automation_savings,183,210,440,8.34,116,75,39
2026-03-13,ENT003,backlog_age,217,219,4734,12.71,86,67,72
2026-03-13,ENT004,launch_readiness,225,176,6934,5.05,181,86,47
2026-03-13,ENT005,metric_certification,158,147,7694,13.11,158,63,58
2026-03-13,ENT006,metric_certification,147,178,7340,12.34,60,66,81
2026-03-13,ENT007,qa_defect_rate,242,305,4431,6.2,190,82,38
2026-03-13,ENT008,automation_savings,163,196,1556,13.09,74,62,88
2026-03-13,ENT009,metric_certification,138,170,545,11.88,62,66,62
2026-03-13,ENT010,metric_certification,257,306,4926,1.92,91,97,12
2026-03-13,ENT011,qa_defect_rate,261,193,2867,8.63,174,75,52
2026-03-13,ENT012,metric_certification,206,249,1968,8.75,106,78,51
2026-03-13,ENT013,launch_readiness,71,62,8860,8.98,208,80,53
2026-03-13,ENT014,launch_readiness,232,188,7135,5.37,149,90,29
2026-03-13,ENT015,gross_margin,234,288,4953,5.12,172,88,33
2026-03-13,ENT016,automation_savings,156,128,710,7.02,177,86,37
2026-03-13,ENT017,qa_defect_rate,270,262,543,5.44,64,90,52
2026-03-13,ENT018,automation_savings,277,324,7410,4.9,208,87,34
2026-03-13,ENT019,gross_margin,72,84,8489,6.13,237,88,49
2026-03-13,ENT020,gross_margin,86,76,5514,2.79,220,94,24
2026-03-13,ENT021,automation_savings,136,124,7753,1.69,155,99,11
2026-03-13,ENT022,automation_savings,225,203,5471,1.59,48,97,28
2026-03-13,ENT023,launch_readiness,67,82,4170,8.54,114,79,57
2026-03-13,ENT024,metric_certification,126,105,3625,9.86,200,71,53
2026-03-14,ENT001,automation_savings,97,121,2017,10.55,239,76,48
2026-03-14,ENT002,launch_readiness,182,207,7307,2.42,161,94,38
2026-03-14,ENT003,launch_readiness,242,237,2340,8.62,148,78,53
2026-03-14,ENT004,backlog_age,248,246,6398,8.89,114,77,62
2026-03-14,ENT005,gross_margin,98,83,1278,5.23,223,86,35
2026-03-14,ENT006,launch_readiness,94,102,7340,7.25,162,81,51
2026-03-14,ENT007,qa_defect_rate,144,161,6237,2.01,145,98,8
2026-03-14,ENT008,backlog_age,267,224,4701,12.44,220,66,83
2026-03-14,ENT009,metric_certification,251,213,7449,10.32,158,72,52
2026-03-14,ENT010,gross_margin,181,136,6263,8.86,153,74,58
2026-03-14,ENT011,automation_savings,126,156,3069,9.77,60,73,47
2026-03-14,ENT012,backlog_age,269,334,4593,12.97,123,66,56
2026-03-14,ENT013,automation_savings,186,231,6415,10.82,13,69,76
2026-03-14,ENT014,gross_margin,73,76,2123,5.88,40,85,24
2026-03-14,ENT015,backlog_age,278,256,8619,13.32,219,65,67
2026-03-14,ENT016,metric_certification,183,209,565,8.83,144,74,44
2026-03-14,ENT017,backlog_age,127,118,3713,4.1,132,88,34
2026-03-14,ENT018,automation_savings,106,94,8156,2.85,219,92,17
2026-03-14,ENT019,metric_certification,208,185,4798,6.49,185,86,35
2026-03-14,ENT020,launch_readiness,210,183,2302,4.25,180,91,22
2026-03-14,ENT021,automation_savings,251,269,6691,12.94,93,65,73
2026-03-14,ENT022,backlog_age,238,288,8191,10.22,202,72,74
2026-03-14,ENT023,backlog_age,119,92,2091,8.5,122,77,69
2026-03-14,ENT024,gross_margin,177,189,7918,9.36,162,73,59
2026-03-15,ENT001,automation_savings,251,284,6670,7.49,76,85,37
2026-03-15,ENT002,metric_certification,273,257,1251,5.29,222,90,26
2026-03-15,ENT003,backlog_age,165,120,3875,11.96,110,67,75
2026-03-15,ENT004,qa_defect_rate,184,177,3960,14.17,49,64,90
2026-03-15,ENT005,metric_certification,200,232,5702,9.31,177,76,60
2026-03-15,ENT006,launch_readiness,70,70,1547,10.28,83,76,62
2026-03-15,ENT007,backlog_age,233,224,6419,8.85,151,77,45
2026-03-15,ENT008,backlog_age,174,211,1088,1.59,65,99,28
2026-03-15,ENT009,metric_certification,124,150,7653,13.34,186,64,69
2026-03-15,ENT010,gross_margin,192,180,2804,14.3,82,61,82
2026-03-15,ENT011,gross_margin,160,176,7802,3.57,161,91,36
2026-03-15,ENT012,automation_savings,146,153,7311,12.42,235,70,75
2026-03-15,ENT013,qa_defect_rate,209,163,358,13.92,35,63,73
2026-03-15,ENT014,gross_margin,182,206,5020,12.33,87,69,72
2026-03-15,ENT015,launch_readiness,162,130,7917,12.9,204,62,55
2026-03-15,ENT016,launch_readiness,155,181,1233,2.34,159,99,17
2026-03-15,ENT017,launch_readiness,163,173,225,4.76,33,87,21
2026-03-15,ENT018,backlog_age,72,80,5543,5.26,232,86,49
2026-03-15,ENT019,launch_readiness,192,159,8468,14.01,36,61,65
2026-03-15,ENT020,backlog_age,101,83,3408,10.94,157,70,46
2026-03-15,ENT021,backlog_age,75,77,7635,4.99,178,90,43
2026-03-15,ENT022,launch_readiness,164,118,7993,12.87,221,69,83
2026-03-15,ENT023,automation_savings,149,128,4051,9.45,238,75,45
2026-03-15,ENT024,automation_savings,154,193,4983,5.69,122,86,45
2026-03-16,ENT001,metric_certification,195,144,6939,7.1,158,86,39
2026-03-16,ENT002,backlog_age,174,212,4423,8.82,22,75,69
2026-03-16,ENT003,gross_margin,100,112,8913,14.18,175,60,66
2026-03-16,ENT004,automation_savings,112,134,3375,11.95,208,69,67
2026-03-16,ENT005,metric_certification,81,71,2141,3,36,94,21
2026-03-16,ENT006,qa_defect_rate,89,69,2077,11.66,89,71,62
2026-03-16,ENT007,automation_savings,274,200,3435,3.54,38,90,48
2026-03-16,ENT008,metric_certification,258,204,2276,8.96,144,81,37
2026-03-16,ENT009,launch_readiness,98,97,7977,9.97,18,77,72
2026-03-16,ENT010,backlog_age,170,204,5552,6.84,227,84,57
2026-03-16,ENT011,launch_readiness,207,219,5488,4.25,164,93,30
2026-03-16,ENT012,gross_margin,76,78,2727,7.87,150,83,42
2026-03-16,ENT013,gross_margin,133,157,5314,5.68,232,85,35
2026-03-16,ENT014,launch_readiness,87,110,7874,11.71,41,69,65
2026-03-16,ENT015,qa_defect_rate,242,305,7996,3.44,128,96,42
2026-03-16,ENT016,metric_certification,179,166,3122,12.71,18,68,59
2026-03-16,ENT017,metric_certification,236,238,3592,6.2,38,84,46
2026-03-16,ENT018,backlog_age,214,238,8344,10.48,83,71,59
2026-03-16,ENT019,backlog_age,244,249,5693,13.63,102,62,88
2026-03-16,ENT020,gross_margin,163,156,8126,7.41,31,79,52
2026-03-16,ENT021,metric_certification,191,225,5142,14,82,64,66
2026-03-16,ENT022,automation_savings,122,145,3614,6.28,24,83,51
2026-03-16,ENT023,gross_margin,241,289,4047,7.72,179,82,51
2026-03-16,ENT024,launch_readiness,111,142,1918,7.78,47,77,33
2026-03-17,ENT001,qa_defect_rate,164,208,5186,4.92,17,92,29
2026-03-17,ENT002,metric_certification,85,97,5527,8.11,24,84,30
2026-03-17,ENT003,launch_readiness,212,199,1417,10,143,74,44
2026-03-17,ENT004,gross_margin,164,202,1708,9.52,184,78,69
2026-03-17,ENT005,automation_savings,269,231,761,6.19,98,84,55
2026-03-17,ENT006,automation_savings,217,187,5439,4.88,45,92,49
2026-03-17,ENT007,metric_certification,84,93,6894,5.15,148,92,22
2026-03-17,ENT008,automation_savings,89,91,4215,14.23,138,61,75
2026-03-17,ENT009,launch_readiness,140,175,8553,5.46,40,86,36
2026-03-17,ENT010,metric_certification,260,283,977,4.37,83,94,45
2026-03-17,ENT011,launch_readiness,165,147,4621,3.25,43,95,30
2026-03-17,ENT012,qa_defect_rate,140,155,3515,3.39,89,97,44
2026-03-17,ENT013,metric_certification,219,197,2460,2.74,163,94,40
2026-03-17,ENT014,qa_defect_rate,229,277,4960,7.26,166,82,32
2026-03-17,ENT015,automation_savings,66,76,7313,13.77,47,60,80
2026-03-17,ENT016,qa_defect_rate,199,231,8871,3.38,25,96,15
2026-03-17,ENT017,launch_readiness,256,289,2794,10.43,19,76,54
2026-03-17,ENT018,automation_savings,195,172,800,7.13,124,82,53
2026-03-17,ENT019,qa_defect_rate,210,231,2735,6.57,72,82,29
2026-03-17,ENT020,automation_savings,205,226,142,7.46,192,86,54
2026-03-17,ENT021,launch_readiness,163,161,4916,14.36,219,62,75
2026-03-17,ENT022,metric_certification,72,82,4939,3.44,49,96,33
2026-03-17,ENT023,launch_readiness,107,112,7228,2.88,173,93,36
2026-03-17,ENT024,backlog_age,154,179,8055,1.8,185,95,24
2026-03-18,ENT001,gross_margin,231,289,6002,12.69,152,70,52
2026-03-18,ENT002,qa_defect_rate,261,290,4413,1.54,66,97,26
2026-03-18,ENT003,backlog_age,78,62,3260,10.36,99,72,71
2026-03-18,ENT004,backlog_age,98,73,7172,4.44,86,91,38
2026-03-18,ENT005,automation_savings,274,266,5037,3.03,37,98,17
2026-03-18,ENT006,automation_savings,143,109,1448,12.67,101,65,54
2026-03-18,ENT007,launch_readiness,179,220,1874,10.02,198,70,76
2026-03-18,ENT008,backlog_age,148,178,5085,13.32,238,65,68
2026-03-18,ENT009,gross_margin,267,251,2820,8.34,239,83,47
2026-03-18,ENT010,gross_margin,234,208,4542,1.97,115,94,28
2026-03-18,ENT011,metric_certification,201,209,7004,8.29,53,76,38
2026-03-18,ENT012,qa_defect_rate,256,215,6739,6.27,104,88,58
2026-03-18,ENT013,qa_defect_rate,137,111,1961,11.99,128,71,69
2026-03-18,ENT014,launch_readiness,246,226,1707,5.46,98,87,30
2026-03-18,ENT015,gross_margin,97,112,6557,10.97,77,74,58
2026-03-18,ENT016,automation_savings,215,219,5511,6,90,83,30
2026-03-18,ENT017,metric_certification,190,154,6881,9.73,134,78,68
2026-03-18,ENT018,qa_defect_rate,163,179,5064,13.06,76,61,60
2026-03-18,ENT019,gross_margin,201,163,8089,10.27,145,77,58
2026-03-18,ENT020,metric_certification,93,112,1048,2.14,180,98,30
2026-03-18,ENT021,qa_defect_rate,250,293,5974,9.71,148,75,62
2026-03-18,ENT022,qa_defect_rate,241,214,6247,7.58,103,78,38
2026-03-18,ENT023,backlog_age,154,146,3131,10.78,50,71,55
2026-03-18,ENT024,automation_savings,228,244,8191,3.17,160,92,12
2026-03-19,ENT001,launch_readiness,92,96,7286,6.46,208,87,53
2026-03-19,ENT002,qa_defect_rate,149,167,3164,3.7,41,95,16
2026-03-19,ENT003,metric_certification,187,161,2864,3.48,188,94,12
2026-03-19,ENT004,gross_margin,156,190,3452,10.5,78,75,62
2026-03-19,ENT005,metric_certification,87,105,2835,6.91,39,80,45
2026-03-19,ENT006,qa_defect_rate,256,317,8911,9.03,236,81,44
2026-03-19,ENT007,launch_readiness,270,251,2442,4.73,188,88,23
2026-03-19,ENT008,automation_savings,113,92,5295,5.41,12,85,44
2026-03-19,ENT009,gross_margin,124,104,4290,4.38,201,87,22
2026-03-19,ENT010,backlog_age,131,131,7179,11.02,158,73,50
2026-03-19,ENT011,automation_savings,106,106,7750,4.31,53,93,34
2026-03-19,ENT012,gross_margin,181,181,2775,14.06,74,63,59
2026-03-19,ENT013,qa_defect_rate,255,191,7291,4.58,28,94,34
2026-03-19,ENT014,qa_defect_rate,258,253,5770,3.06,217,97,11
2026-03-19,ENT015,launch_readiness,205,193,8645,4.37,161,92,34
2026-03-19,ENT016,launch_readiness,65,64,140,3.52,178,90,44
2026-03-19,ENT017,gross_margin,270,332,373,12.6,141,64,78
2026-03-19,ENT018,qa_defect_rate,103,97,916,10.4,175,75,67
2026-03-19,ENT019,automation_savings,171,200,5717,6.45,123,87,43
2026-03-19,ENT020,backlog_age,175,137,7910,11.74,45,70,68
2026-03-19,ENT021,backlog_age,122,107,641,6.94,169,86,39
2026-03-19,ENT022,qa_defect_rate,265,249,4044,12.19,52,67,59
2026-03-19,ENT023,backlog_age,200,202,1365,11.49,152,71,63
2026-03-19,ENT024,automation_savings,118,89,7197,4.58,109,92,47
2026-03-20,ENT001,automation_savings,143,162,250,4.47,112,88,21
2026-03-20,ENT002,metric_certification,112,82,6091,6.48,128,82,34
2026-03-20,ENT003,automation_savings,223,201,8724,6.8,153,80,49
2026-03-20,ENT004,automation_savings,200,186,3223,5.76,153,86,56
2026-03-20,ENT005,backlog_age,185,216,2091,8.47,119,81,33
2026-03-20,ENT006,gross_margin,139,133,4266,10.18,31,72,44
2026-03-20,ENT007,automation_savings,121,87,7057,5.12,176,85,32
2026-03-20,ENT008,automation_savings,144,163,7483,5.92,222,89,24
2026-03-20,ENT009,automation_savings,266,197,1943,8.6,27,74,57
2026-03-20,ENT010,metric_certification,259,220,2050,7.13,106,80,37
2026-03-20,ENT011,backlog_age,154,146,4202,5.54,186,85,41
2026-03-20,ENT012,metric_certification,155,133,2066,1.56,163,99,9
2026-03-20,ENT013,metric_certification,136,101,6319,6.9,48,80,49
2026-03-20,ENT014,backlog_age,222,233,277,13.04,46,68,78
2026-03-20,ENT015,automation_savings,102,94,887,6.56,72,84,40
2026-03-20,ENT016,metric_certification,70,73,2089,8.1,83,79,32
2026-03-20,ENT017,qa_defect_rate,141,131,5703,4.83,84,86,23
2026-03-20,ENT018,launch_readiness,268,214,6050,10.5,31,73,68
2026-03-20,ENT019,backlog_age,125,140,8572,6.06,92,83,41
2026-03-20,ENT020,backlog_age,208,252,2183,7.83,122,79,43
2026-03-20,ENT021,backlog_age,149,165,1312,3.2,182,92,30
2026-03-20,ENT022,launch_readiness,264,203,5987,14.02,46,65,87
2026-03-20,ENT023,gross_margin,117,108,4849,14.34,196,57,78
2026-03-20,ENT024,backlog_age,90,107,3251,1.94,223,99,27
2026-03-21,ENT001,qa_defect_rate,187,196,5094,2.26,81,93,29
2026-03-21,ENT002,gross_margin,134,105,1897,4.97,107,93,50
2026-03-21,ENT003,automation_savings,137,111,4802,2.05,24,95,34
2026-03-21,ENT004,qa_defect_rate,151,168,3548,10.52,135,69,47
2026-03-21,ENT005,gross_margin,237,268,4049,1.61,121,99,19
2026-03-21,ENT006,launch_readiness,73,69,1859,9.63,35,74,50
2026-03-21,ENT007,automation_savings,193,141,7488,4.26,47,95,35
2026-03-21,ENT008,backlog_age,239,186,7601,7.52,93,85,28
2026-03-21,ENT009,automation_savings,228,262,4829,13.26,103,66,65
2026-03-21,ENT010,gross_margin,119,134,2387,8.16,140,82,42
2026-03-21,ENT011,backlog_age,243,292,4854,3.41,197,94,45
2026-03-21,ENT012,automation_savings,259,238,8366,11.82,137,72,54
2026-03-21,ENT013,backlog_age,255,235,6978,9.6,204,77,45
2026-03-21,ENT014,metric_certification,151,134,6264,12.63,77,67,52
2026-03-21,ENT015,automation_savings,196,206,8500,7.35,95,85,59
2026-03-21,ENT016,metric_certification,174,143,5075,9.16,111,74,57
2026-03-21,ENT017,launch_readiness,144,121,2930,14.42,63,58,59
2026-03-21,ENT018,automation_savings,107,131,4707,1.98,221,96,24
2026-03-21,ENT019,backlog_age,122,101,5077,10.31,195,76,74
2026-03-21,ENT020,backlog_age,218,257,3230,4.19,119,93,38
2026-03-21,ENT021,automation_savings,106,77,4774,11.89,146,68,52
2026-03-21,ENT022,launch_readiness,197,225,4123,13.03,63,61,69
2026-03-21,ENT023,qa_defect_rate,260,278,889,5.91,181,86,55
2026-03-21,ENT024,launch_readiness,252,192,5684,7.43,69,83,61
2026-03-22,ENT001,gross_margin,83,84,8570,11.59,158,71,55
2026-03-22,ENT002,launch_readiness,256,282,8273,10.54,42,69,59
2026-03-22,ENT003,metric_certification,150,179,4052,13.17,115,62,84
2026-03-22,ENT004,qa_defect_rate,194,163,3723,9.31,130,78,60
2026-03-22,ENT005,gross_margin,182,175,3267,9.47,173,74,55
2026-03-22,ENT006,qa_defect_rate,177,225,428,4.1,170,91,17
2026-03-22,ENT007,launch_readiness,143,172,6651,11.48,203,73,54
2026-03-22,ENT008,gross_margin,236,182,3826,6.15,45,88,57
2026-03-22,ENT009,qa_defect_rate,246,248,6390,13.88,187,59,63
2026-03-22,ENT010,gross_margin,127,126,5812,9.23,37,73,52
2026-03-22,ENT011,backlog_age,111,122,2588,5.64,114,89,56
2026-03-22,ENT012,automation_savings,196,141,901,13.14,46,65,80
2026-03-22,ENT013,gross_margin,66,67,1594,6.56,112,81,27
2026-03-22,ENT014,qa_defect_rate,112,112,2399,8.33,175,82,54
2026-03-22,ENT015,launch_readiness,89,80,5412,12.84,118,64,54
2026-03-22,ENT016,launch_readiness,163,191,5050,12.39,171,65,79
2026-03-22,ENT017,metric_certification,244,215,1105,7.64,235,85,29
2026-03-22,ENT018,backlog_age,197,238,1199,2.69,239,95,36
2026-03-22,ENT019,automation_savings,276,326,3726,10.65,176,74,76
2026-03-22,ENT020,backlog_age,69,82,5886,4.88,31,90,43
2026-03-22,ENT021,gross_margin,256,264,1122,10.64,76,74,61
2026-03-22,ENT022,metric_certification,75,54,1649,12.49,141,66,64
2026-03-22,ENT023,backlog_age,177,154,5785,2.04,166,97,23
2026-03-22,ENT024,metric_certification,118,151,8214,10.48,183,74,72
2026-03-23,ENT001,gross_margin,172,138,8576,8.48,214,80,46
2026-03-23,ENT002,gross_margin,139,158,541,11.8,56,69,54
2026-03-23,ENT003,automation_savings,106,118,3816,2.36,113,99,29
2026-03-23,ENT004,metric_certification,141,152,5272,2.96,75,99,27
2026-03-23,ENT005,launch_readiness,227,279,5450,6.44,234,85,38
2026-03-23,ENT006,backlog_age,195,197,939,6.58,188,87,43
2026-03-23,ENT007,launch_readiness,112,95,777,13.37,188,66,85
2026-03-23,ENT008,backlog_age,243,272,5489,13.97,100,61,83
2026-03-23,ENT009,qa_defect_rate,177,195,2297,9.24,94,75,71
2026-03-23,ENT010,automation_savings,107,89,3256,8.69,91,81,57
2026-03-23,ENT011,qa_defect_rate,193,241,1438,10.19,24,72,43
2026-03-23,ENT012,backlog_age,152,161,5724,3.08,227,97,25
2026-03-23,ENT013,gross_margin,155,141,2564,7.94,128,83,58
2026-03-23,ENT014,launch_readiness,224,193,5259,9.87,35,77,62
2026-03-23,ENT015,backlog_age,82,103,3461,6.36,84,86,30
2026-03-23,ENT016,gross_margin,88,76,191,13.71,228,61,66
2026-03-23,ENT017,metric_certification,246,278,2589,6.02,131,88,52
2026-03-23,ENT018,gross_margin,94,99,2068,7.75,94,82,45
2026-03-23,ENT019,gross_margin,107,103,6322,1.79,64,95,29
2026-03-23,ENT020,gross_margin,109,86,7215,4.19,136,92,47
2026-03-23,ENT021,qa_defect_rate,268,308,522,6.36,43,85,43
2026-03-23,ENT022,backlog_age,181,201,3992,5.86,145,85,45
2026-03-23,ENT023,automation_savings,115,114,2385,8.81,36,75,43
2026-03-23,ENT024,qa_defect_rate,117,96,6792,3.75,16,91,39
2026-03-24,ENT001,backlog_age,204,188,5245,11.19,180,72,57
2026-03-24,ENT002,launch_readiness,147,150,854,13.61,99,65,84
2026-03-24,ENT003,qa_defect_rate,118,105,3668,13.09,218,64,86
2026-03-24,ENT004,automation_savings,72,88,3029,8.49,192,75,63
2026-03-24,ENT005,qa_defect_rate,203,195,692,9.17,90,76,51
2026-03-24,ENT006,qa_defect_rate,140,147,6588,7.31,124,82,45
2026-03-24,ENT007,qa_defect_rate,77,59,6161,12.75,59,62,61
2026-03-24,ENT008,automation_savings,203,177,6308,7.42,110,79,40
2026-03-24,ENT009,automation_savings,147,181,8289,14.34,153,59,93
2026-03-24,ENT010,automation_savings,152,184,5721,8.16,196,80,54
2026-03-24,ENT011,automation_savings,118,150,7666,5.25,70,86,49
2026-03-24,ENT012,qa_defect_rate,155,183,6520,8.43,159,75,36
2026-03-24,ENT013,launch_readiness,82,93,6672,14.12,211,65,79
2026-03-24,ENT014,launch_readiness,231,284,6890,4.24,92,88,33
2026-03-24,ENT015,qa_defect_rate,102,87,7797,13.48,221,67,79
2026-03-24,ENT016,automation_savings,272,283,8750,12.29,76,71,72
2026-03-24,ENT017,qa_defect_rate,221,276,3052,8.33,22,81,50
2026-03-24,ENT018,automation_savings,265,302,7165,2.52,78,98,34
2026-03-24,ENT019,gross_margin,268,204,7977,7.69,174,79,44
2026-03-24,ENT020,launch_readiness,96,73,6512,12.69,85,69,80
2026-03-24,ENT021,qa_defect_rate,80,78,6449,9.17,176,76,62
2026-03-24,ENT022,backlog_age,203,250,968,2.89,225,97,16
2026-03-24,ENT023,qa_defect_rate,163,184,2526,9.54,193,79,51
2026-03-24,ENT024,backlog_age,88,83,8516,9.18,217,80,65
2026-03-25,ENT001,launch_readiness,199,177,937,2.25,41,99,42
2026-03-25,ENT002,backlog_age,264,264,6833,11.09,179,68,58
2026-03-25,ENT003,qa_defect_rate,139,138,5411,14.06,231,63,89
2026-03-25,ENT004,qa_defect_rate,118,92,2979,7.22,75,86,57
2026-03-25,ENT005,backlog_age,210,210,8081,11.56,42,70,54
2026-03-25,ENT006,automation_savings,78,59,4964,12.78,73,65,71
2026-03-25,ENT007,metric_certification,72,76,5654,2.71,159,94,21
2026-03-25,ENT008,backlog_age,116,102,2234,5.16,211,90,49
2026-03-25,ENT009,launch_readiness,122,93,6657,8.47,66,77,59
2026-03-25,ENT010,automation_savings,195,220,8600,12.5,75,63,84
2026-03-25,ENT011,gross_margin,215,198,3007,8.3,223,76,40
2026-03-25,ENT012,qa_defect_rate,67,69,7044,7.23,64,85,52
2026-03-25,ENT013,qa_defect_rate,110,84,4015,2.75,147,95,12
2026-03-25,ENT014,qa_defect_rate,145,113,1569,7.67,154,80,48
2026-03-25,ENT015,backlog_age,126,96,7956,11.04,131,72,64
2026-03-25,ENT016,automation_savings,229,169,6604,10.56,21,69,47
2026-03-25,ENT017,automation_savings,83,85,395,3.57,237,93,19
2026-03-25,ENT018,qa_defect_rate,160,146,733,1.62,86,99,10
2026-03-25,ENT019,automation_savings,173,131,6036,3.55,193,97,41
2026-03-25,ENT020,backlog_age,271,252,5302,5.16,43,90,36
2026-03-25,ENT021,gross_margin,115,123,6769,6.48,206,83,39
2026-03-25,ENT022,gross_margin,101,75,2465,3.57,132,91,30
2026-03-25,ENT023,backlog_age,243,270,2437,3.82,180,93,38
2026-03-25,ENT024,launch_readiness,136,152,4875,12.94,124,62,59
2026-03-26,ENT001,launch_readiness,230,212,243,6.43,70,83,34
2026-03-26,ENT002,launch_readiness,99,93,489,2.6,132,99,41
2026-03-26,ENT003,qa_defect_rate,174,153,4158,3.23,238,93,16
2026-03-26,ENT004,automation_savings,254,284,4416,9.7,60,75,51
2026-03-26,ENT005,metric_certification,186,225,4331,10.73,217,71,65
2026-03-26,ENT006,backlog_age,129,98,3723,6.73,184,85,58
2026-03-26,ENT007,gross_margin,183,156,2172,5.58,204,86,37
2026-03-26,ENT008,qa_defect_rate,250,263,366,3.13,139,92,12
2026-03-26,ENT009,automation_savings,121,108,8683,13.13,46,67,82
2026-03-26,ENT010,launch_readiness,220,191,594,3.82,191,92,32
2026-03-26,ENT011,metric_certification,220,268,7103,14.02,58,60,67
2026-03-26,ENT012,metric_certification,238,174,4360,6.8,221,87,57
2026-03-26,ENT013,metric_certification,121,139,4758,6.73,236,86,41
2026-03-26,ENT014,backlog_age,248,275,3644,13.66,87,64,79
2026-03-26,ENT015,qa_defect_rate,187,208,4627,5.12,158,86,46
2026-03-26,ENT016,qa_defect_rate,173,145,7544,14.19,201,64,80
2026-03-26,ENT017,backlog_age,225,221,3669,10.03,21,74,52
2026-03-26,ENT018,automation_savings,141,147,4924,9.91,67,73,50
2026-03-26,ENT019,metric_certification,149,109,8991,6.82,93,82,61
2026-03-26,ENT020,metric_certification,68,84,7338,11.66,232,70,76
2026-03-26,ENT021,metric_certification,203,205,498,1.94,147,96,34
2026-03-26,ENT022,launch_readiness,102,110,2759,11.13,131,71,76
2026-03-26,ENT023,qa_defect_rate,121,110,576,7.47,55,82,56
2026-03-26,ENT024,backlog_age,208,196,7430,4.45,44,94,37
2026-03-27,ENT001,automation_savings,207,168,1062,12.74,138,68,59
2026-03-27,ENT002,automation_savings,177,145,1746,2.75,81,92,11
2026-03-27,ENT003,gross_margin,68,52,6173,7.8,155,84,31
2026-03-27,ENT004,launch_readiness,74,70,8864,3.72,84,92,21
2026-03-27,ENT005,launch_readiness,123,128,4069,7.1,119,79,55
2026-03-27,ENT006,backlog_age,250,310,3831,2.13,209,99,36
2026-03-27,ENT007,gross_margin,119,132,865,7.94,194,78,36
2026-03-27,ENT008,backlog_age,66,55,1112,13.48,145,63,70
2026-03-27,ENT009,launch_readiness,216,274,1116,14.1,137,63,70
2026-03-27,ENT010,launch_readiness,267,219,8315,6.49,153,82,46
2026-03-27,ENT011,automation_savings,139,153,6147,7.38,116,80,50
2026-03-27,ENT012,metric_certification,209,217,6681,4.68,53,90,25
2026-03-27,ENT013,gross_margin,271,293,3457,10.19,152,75,67
2026-03-27,ENT014,gross_margin,229,261,2930,5.94,40,83,27
2026-03-27,ENT015,launch_readiness,156,158,728,5.05,16,88,35
2026-03-27,ENT016,metric_certification,157,190,829,6.11,123,87,24
2026-03-27,ENT017,qa_defect_rate,238,274,6314,10.21,45,70,68
2026-03-27,ENT018,launch_readiness,192,240,8439,9.5,30,78,43
2026-03-27,ENT019,backlog_age,148,167,806,12.22,130,66,83
2026-03-27,ENT020,qa_defect_rate,265,326,765,13.48,17,62,68
2026-03-27,ENT021,qa_defect_rate,230,251,6721,2.42,71,99,25
2026-03-27,ENT022,metric_certification,272,291,7278,6.06,87,87,38
2026-03-27,ENT023,qa_defect_rate,258,307,6551,13.59,161,61,81
2026-03-27,ENT024,automation_savings,86,63,3210,2.39,114,96,25
2026-03-28,ENT001,automation_savings,97,102,3527,13.44,175,66,75
2026-03-28,ENT002,launch_readiness,212,163,5994,3.41,205,96,21
2026-03-28,ENT003,qa_defect_rate,148,139,2108,6.23,182,86,48
2026-03-28,ENT004,launch_readiness,88,66,2238,6.33,139,87,40
2026-03-28,ENT005,qa_defect_rate,68,82,6309,4.3,219,91,48
2026-03-28,ENT006,qa_defect_rate,241,207,8486,2.24,183,97,41
2026-03-28,ENT007,automation_savings,76,93,189,12.61,187,65,57
2026-03-28,ENT008,qa_defect_rate,154,145,7113,12.66,79,64,59
2026-03-28,ENT009,automation_savings,105,121,8618,13.39,211,66,73
2026-03-28,ENT010,qa_defect_rate,214,212,7086,9.11,82,78,54
2026-03-28,ENT011,qa_defect_rate,247,180,6403,2.59,85,98,33
2026-03-28,ENT012,backlog_age,222,275,6614,1.66,181,99,22
2026-03-28,ENT013,backlog_age,121,133,5817,13.52,79,66,56
2026-03-28,ENT014,qa_defect_rate,262,286,396,10.5,221,71,76
2026-03-28,ENT015,automation_savings,174,151,1408,10.4,162,72,52
2026-03-28,ENT016,automation_savings,73,55,4708,11.49,39,69,75
2026-03-28,ENT017,automation_savings,193,235,4001,2.9,124,95,22
2026-03-28,ENT018,automation_savings,138,115,2211,11.74,40,66,82
2026-03-28,ENT019,automation_savings,177,156,3353,4.7,164,90,22
2026-03-28,ENT020,backlog_age,190,215,2717,8.18,192,76,58
2026-03-28,ENT021,launch_readiness,134,158,2155,5.09,108,89,36
2026-03-28,ENT022,launch_readiness,87,64,5838,11.09,150,73,45
2026-03-28,ENT023,launch_readiness,96,105,5441,5.5,213,88,48
2026-03-28,ENT024,metric_certification,253,230,8234,2.69,70,92,19
2026-03-29,ENT001,metric_certification,134,157,1077,4.07,168,91,15
2026-03-29,ENT002,gross_margin,192,205,1936,12.68,54,69,73
2026-03-29,ENT003,automation_savings,152,114,2686,6.23,120,84,32
2026-03-29,ENT004,qa_defect_rate,214,257,8362,11.83,49,70,67
2026-03-29,ENT005,gross_margin,120,102,3378,9.22,131,73,64
2026-03-29,ENT006,automation_savings,166,204,5275,13.53,201,67,54
2026-03-29,ENT007,launch_readiness,84,66,835,12.69,69,63,74
2026-03-29,ENT008,launch_readiness,83,95,5398,6.34,78,88,42
2026-03-29,ENT009,backlog_age,183,187,4559,3.27,199,95,40
2026-03-29,ENT010,backlog_age,208,193,1218,3.56,159,91,20
2026-03-29,ENT011,launch_readiness,227,227,7444,4.1,164,92,36
2026-03-29,ENT012,gross_margin,141,179,7911,1.81,142,99,37
2026-03-29,ENT013,backlog_age,147,118,1935,7.39,34,83,55
2026-03-29,ENT014,launch_readiness,144,184,8158,4.57,211,94,48
2026-03-29,ENT015,gross_margin,219,267,5124,11.02,198,72,45
2026-03-29,ENT016,metric_certification,80,62,3981,6.75,27,86,30
2026-03-29,ENT017,metric_certification,218,214,3551,3.09,130,91,26
2026-03-29,ENT018,launch_readiness,72,63,6161,5.26,218,87,24
2026-03-29,ENT019,metric_certification,79,100,5056,11.46,110,71,51
2026-03-29,ENT020,metric_certification,83,62,5800,9.56,235,72,62
2026-03-29,ENT021,qa_defect_rate,121,154,1424,10.32,214,71,68
2026-03-29,ENT022,launch_readiness,148,130,8327,13.22,71,64,58
2026-03-29,ENT023,gross_margin,205,205,2393,8.78,213,80,52
2026-03-29,ENT024,backlog_age,172,163,5071,4.51,163,91,40
2026-03-30,ENT001,gross_margin,175,142,7223,9.39,159,73,52
2026-03-30,ENT002,gross_margin,155,155,7264,2.93,151,92,27
2026-03-30,ENT003,gross_margin,85,69,3022,5.74,55,90,56
2026-03-30,ENT004,metric_certification,210,176,8691,4.78,148,86,24
2026-03-30,ENT005,automation_savings,217,213,7671,6.01,213,87,26
2026-03-30,ENT006,backlog_age,146,187,1855,6.75,185,81,32
2026-03-30,ENT007,launch_readiness,231,261,5718,4.51,13,91,44
2026-03-30,ENT008,automation_savings,121,88,3067,3.43,107,96,44
2026-03-30,ENT009,automation_savings,253,243,220,5.27,85,87,54
2026-03-30,ENT010,gross_margin,233,212,6172,10.94,162,69,57
2026-03-30,ENT011,automation_savings,245,304,2152,6.61,155,81,42
2026-03-30,ENT012,backlog_age,99,122,7638,12.42,215,66,78
2026-03-30,ENT013,qa_defect_rate,234,241,1975,11.67,87,67,63
2026-03-30,ENT014,launch_readiness,157,170,4882,7.65,103,77,61
2026-03-30,ENT015,launch_readiness,109,113,3644,12.99,239,65,79
2026-03-30,ENT016,qa_defect_rate,179,175,3517,10.58,222,76,46
2026-03-30,ENT017,backlog_age,279,257,5094,3.08,221,96,20
2026-03-30,ENT018,qa_defect_rate,141,138,6762,7.92,59,84,39
2026-03-30,ENT019,backlog_age,183,176,5487,10.97,167,73,45
2026-03-30,ENT020,metric_certification,239,280,4846,8.66,141,80,48
2026-03-30,ENT021,launch_readiness,239,229,3544,8.77,177,76,59
2026-03-30,ENT022,gross_margin,255,316,101,2.69,115,95,17
2026-03-30,ENT023,automation_savings,134,119,4786,13.27,217,68,78
2026-03-30,ENT024,gross_margin,216,220,5281,10.29,15,76,65
2026-03-31,ENT001,backlog_age,132,117,2027,5.42,22,85,22
2026-03-31,ENT002,launch_readiness,194,213,6219,1.77,160,99,38
2026-03-31,ENT003,automation_savings,222,164,457,5.99,130,87,48
2026-03-31,ENT004,backlog_age,101,119,4749,11.97,146,66,50
2026-03-31,ENT005,automation_savings,138,142,7054,8.06,195,83,31
2026-03-31,ENT006,automation_savings,139,167,8112,7.87,113,82,52
2026-03-31,ENT007,metric_certification,227,220,2149,13.63,19,65,60
2026-03-31,ENT008,metric_certification,160,141,528,3.12,188,95,18
2026-03-31,ENT009,gross_margin,174,204,191,5.15,143,86,50
2026-03-31,ENT010,backlog_age,116,93,3962,3.61,157,96,21
2026-03-31,ENT011,qa_defect_rate,93,87,3482,8.08,145,81,50
2026-03-31,ENT012,backlog_age,68,54,5089,5.03,51,91,48
2026-03-31,ENT013,metric_certification,106,116,494,10.51,141,72,72
2026-03-31,ENT014,launch_readiness,205,226,7146,3.46,46,96,34
2026-03-31,ENT015,launch_readiness,145,167,8808,12.62,228,70,75
2026-03-31,ENT016,qa_defect_rate,205,150,1496,5.9,135,86,40
2026-03-31,ENT017,qa_defect_rate,178,201,2071,11.36,155,69,76
2026-03-31,ENT018,gross_margin,115,94,1634,1.83,27,99,22
2026-03-31,ENT019,launch_readiness,226,215,6451,10.92,136,74,73
2026-03-31,ENT020,gross_margin,147,118,5842,12.79,188,62,67
2026-03-31,ENT021,automation_savings,156,170,841,7.33,69,85,57
2026-03-31,ENT022,launch_readiness,258,310,4426,11.97,147,69,51
2026-03-31,ENT023,metric_certification,130,113,4388,12.03,113,71,63
2026-03-31,ENT024,automation_savings,171,147,4814,12.69,218,63,77
2026-04-01,ENT001,automation_savings,185,146,3457,10.42,141,73,52
2026-04-01,ENT002,automation_savings,241,229,3114,14.06,32,64,89
2026-04-01,ENT003,backlog_age,246,209,3486,11.41,90,72,56
2026-04-01,ENT004,gross_margin,182,187,290,11.45,37,71,60
2026-04-01,ENT005,qa_defect_rate,142,165,543,6.02,92,82,58
2026-04-01,ENT006,automation_savings,158,125,483,7.15,23,82,30
2026-04-01,ENT007,launch_readiness,264,224,6424,3.9,145,96,33
2026-04-01,ENT008,qa_defect_rate,144,170,421,7.83,172,78,42
2026-04-01,ENT009,launch_readiness,73,66,2374,4.92,15,91,45
2026-04-01,ENT010,metric_certification,162,181,5588,9.18,36,80,49
2026-04-01,ENT011,gross_margin,259,218,8775,9.73,47,79,61
2026-04-01,ENT012,backlog_age,75,66,1788,6.46,43,86,56
2026-04-01,ENT013,metric_certification,184,182,3197,4.3,152,88,25
2026-04-01,ENT014,backlog_age,247,245,6997,5.01,21,91,46
2026-04-01,ENT015,launch_readiness,252,204,7922,9.52,165,72,56
2026-04-01,ENT016,launch_readiness,266,303,7246,4.87,15,93,45
2026-04-01,ENT017,launch_readiness,205,254,7993,13.72,203,62,56
2026-04-01,ENT018,gross_margin,249,204,8471,11.34,187,73,73
2026-04-01,ENT019,metric_certification,213,158,3060,9.28,105,76,41
2026-04-01,ENT020,automation_savings,207,207,8080,6.5,28,81,33
2026-04-01,ENT021,metric_certification,242,235,5711,3.14,18,96,17
2026-04-01,ENT022,qa_defect_rate,277,222,2201,11.81,90,67,80
2026-04-01,ENT023,gross_margin,65,77,4117,14.42,72,58,94
2026-04-01,ENT024,gross_margin,88,80,1848,7.65,54,82,35
2026-04-02,ENT001,backlog_age,138,157,4957,6.92,48,80,30
2026-04-02,ENT002,metric_certification,66,54,4491,8.91,232,75,48
2026-04-02,ENT003,launch_readiness,108,112,4990,3.73,191,92,46
2026-04-02,ENT004,gross_margin,157,168,1300,10.53,97,72,65
2026-04-02,ENT005,qa_defect_rate,115,124,7223,6.78,204,84,40
2026-04-02,ENT006,metric_certification,269,288,2235,11.06,235,68,53
2026-04-02,ENT007,launch_readiness,162,141,1393,7.4,49,83,29
2026-04-02,ENT008,metric_certification,73,59,7616,10.23,194,76,55
2026-04-02,ENT009,launch_readiness,129,156,6898,9.86,89,75,47
2026-04-02,ENT010,gross_margin,89,80,6443,6.53,208,81,43
2026-04-02,ENT011,qa_defect_rate,213,268,8686,3,63,92,37
2026-04-02,ENT012,metric_certification,198,178,1490,7.74,185,80,36
2026-04-02,ENT013,automation_savings,85,74,180,9.69,135,74,69
2026-04-02,ENT014,gross_margin,81,87,7632,2.51,63,97,35
2026-04-02,ENT015,metric_certification,193,218,8366,6.49,110,81,55
2026-04-02,ENT016,backlog_age,93,118,5568,9.94,170,73,44
2026-04-02,ENT017,gross_margin,270,289,2920,12.17,239,65,50
2026-04-02,ENT018,automation_savings,206,200,2594,12.08,204,64,78
2026-04-02,ENT019,gross_margin,204,218,1578,7.24,216,81,42
2026-04-02,ENT020,metric_certification,232,237,4166,3.58,54,97,33
2026-04-02,ENT021,gross_margin,273,317,6020,9.6,212,77,61
2026-04-02,ENT022,metric_certification,271,222,3312,2.19,150,99,39
2026-04-02,ENT023,metric_certification,79,89,201,7,95,80,58
2026-04-02,ENT024,qa_defect_rate,75,90,5714,7.34,229,80,57
2026-04-03,ENT001,qa_defect_rate,65,68,2195,6.68,13,81,34
2026-04-03,ENT002,launch_readiness,139,154,1280,10.69,140,73,55
2026-04-03,ENT003,automation_savings,245,198,85,6.89,65,87,58
2026-04-03,ENT004,backlog_age,211,200,7071,6.75,208,82,41
2026-04-03,ENT005,gross_margin,210,256,3810,7.48,203,85,38
2026-04-03,ENT006,automation_savings,161,158,3186,3.34,216,92,20
2026-04-03,ENT007,backlog_age,221,161,7812,7.45,132,85,57
2026-04-03,ENT008,gross_margin,213,166,2452,6.25,220,89,31
2026-04-03,ENT009,gross_margin,146,153,7205,2.49,121,99,38
2026-04-03,ENT010,gross_margin,99,94,4148,3.76,223,95,25
2026-04-03,ENT011,automation_savings,120,118,5018,8.6,221,76,64
2026-04-03,ENT012,launch_readiness,142,133,1259,3.18,70,97,42
2026-04-03,ENT013,automation_savings,123,127,1608,7.57,164,83,41
2026-04-03,ENT014,automation_savings,202,145,5557,2.47,39,95,25
2026-04-03,ENT015,automation_savings,218,235,1907,9.64,175,76,64
2026-04-03,ENT016,metric_certification,113,97,1331,13.76,50,65,80
2026-04-03,ENT017,launch_readiness,124,138,4823,11.97,191,69,57
2026-04-03,ENT018,launch_readiness,131,110,6154,8.9,29,78,39
2026-04-03,ENT019,automation_savings,97,109,1577,9.28,212,75,58
2026-04-03,ENT020,qa_defect_rate,86,69,6774,8.09,30,79,65
2026-04-03,ENT021,launch_readiness,81,101,782,4.34,208,87,44
2026-04-03,ENT022,gross_margin,252,257,2035,12.35,136,66,75
2026-04-03,ENT023,backlog_age,150,180,8938,5.6,239,91,48
2026-04-03,ENT024,launch_readiness,76,59,1210,14.17,137,64,76
2026-04-04,ENT001,gross_margin,92,79,1992,11.72,137,67,83
2026-04-04,ENT002,launch_readiness,123,154,4485,8.02,106,79,48
2026-04-04,ENT003,metric_certification,71,62,3952,9.1,81,75,40
2026-04-04,ENT004,backlog_age,156,165,1290,13.91,78,64,72
2026-04-04,ENT005,qa_defect_rate,204,210,4930,8.52,47,76,59
2026-04-04,ENT006,launch_readiness,224,164,4302,9.98,173,71,53
2026-04-04,ENT007,qa_defect_rate,151,124,4072,3.64,164,94,30
2026-04-04,ENT008,metric_certification,243,270,3178,8.07,45,76,47
2026-04-04,ENT009,qa_defect_rate,199,237,7884,7.58,155,78,58
2026-04-04,ENT010,automation_savings,229,261,7476,12.23,147,70,57
2026-04-04,ENT011,gross_margin,201,235,1803,11.48,152,71,60
2026-04-04,ENT012,automation_savings,93,115,390,3.33,35,91,42
2026-04-04,ENT013,gross_margin,238,181,2038,8.09,138,80,51
2026-04-04,ENT014,launch_readiness,85,94,8429,1.62,97,96,36
2026-04-04,ENT015,qa_defect_rate,196,182,383,2.28,78,98,26
2026-04-04,ENT016,gross_margin,165,150,1633,12.27,78,70,52
2026-04-04,ENT017,automation_savings,216,188,7143,8.66,46,80,55
2026-04-04,ENT018,launch_readiness,227,284,7855,9.93,127,78,63
2026-04-04,ENT019,gross_margin,274,222,4860,10.08,125,76,72
2026-04-04,ENT020,metric_certification,116,118,4048,14.32,235,57,75
2026-04-04,ENT021,backlog_age,195,189,164,7.27,78,86,61
2026-04-04,ENT022,automation_savings,71,54,3798,9.78,142,75,43
2026-04-04,ENT023,qa_defect_rate,95,92,4257,3.32,164,92,45
2026-04-04,ENT024,gross_margin,90,95,2126,7.84,143,81,60
2026-04-05,ENT001,gross_margin,184,197,4480,14.31,121,58,90
2026-04-05,ENT002,qa_defect_rate,165,135,577,5.74,81,89,31
2026-04-05,ENT003,metric_certification,128,131,7244,1.82,212,96,15
2026-04-05,ENT004,gross_margin,73,57,5549,10.06,156,71,45
2026-04-05,ENT005,metric_certification,144,174,677,13.54,209,62,88
2026-04-05,ENT006,metric_certification,255,309,8780,8.22,142,79,38
2026-04-05,ENT007,backlog_age,146,162,6468,11.8,206,65,79
2026-04-05,ENT008,metric_certification,106,90,3514,5.1,202,87,52
2026-04-05,ENT009,gross_margin,197,171,6838,14.13,65,60,60
2026-04-05,ENT010,automation_savings,143,126,669,7.56,100,82,52
2026-04-05,ENT011,qa_defect_rate,87,76,5305,12.86,227,63,58
2026-04-05,ENT012,metric_certification,76,79,406,8.99,16,76,64
2026-04-05,ENT013,launch_readiness,205,244,7174,11.63,15,73,64
2026-04-05,ENT014,automation_savings,120,91,8296,12.95,218,66,64
2026-04-05,ENT015,metric_certification,267,283,8943,10,46,78,66
2026-04-05,ENT016,metric_certification,140,125,6886,4.64,48,93,17
2026-04-05,ENT017,gross_margin,189,214,5550,13.98,75,64,89
2026-04-05,ENT018,qa_defect_rate,102,96,7547,13.51,105,60,83
2026-04-05,ENT019,qa_defect_rate,96,71,6542,7.61,39,78,59
2026-04-05,ENT020,qa_defect_rate,81,62,4203,6.83,94,80,56
2026-04-05,ENT021,launch_readiness,123,91,7642,2.52,180,95,17
2026-04-05,ENT022,gross_margin,278,342,7338,4.22,89,92,22
2026-04-05,ENT023,launch_readiness,218,273,6915,9.48,40,78,53
2026-04-05,ENT024,backlog_age,171,135,6641,10.26,212,76,42
2026-04-06,ENT001,backlog_age,146,177,3098,9.97,180,77,59
2026-04-06,ENT002,backlog_age,249,296,5018,11.98,72,66,77
2026-04-06,ENT003,metric_certification,155,174,2846,5.75,31,90,40
2026-04-06,ENT004,gross_margin,93,72,7994,2.5,36,96,30
2026-04-06,ENT005,automation_savings,128,120,1219,3.43,74,97,34
2026-04-06,ENT006,backlog_age,104,126,4207,4.55,217,89,37
2026-04-06,ENT007,backlog_age,239,272,6771,12.01,142,65,81
2026-04-06,ENT008,gross_margin,233,198,8329,3.03,145,96,13
2026-04-06,ENT009,launch_readiness,108,123,4196,14.43,234,61,68
2026-04-06,ENT010,gross_margin,203,177,5878,7.6,35,78,39
2026-04-06,ENT011,automation_savings,104,102,6177,4.19,189,95,47
2026-04-06,ENT012,launch_readiness,173,149,5063,11.21,235,69,78
2026-04-06,ENT013,qa_defect_rate,71,57,7113,8.85,39,74,61
2026-04-06,ENT014,automation_savings,103,115,8354,13.69,209,62,71
2026-04-06,ENT015,backlog_age,197,173,8205,9.63,138,72,50
2026-04-06,ENT016,gross_margin,198,190,1887,6.29,37,82,44
2026-04-06,ENT017,backlog_age,170,190,6865,3.98,152,89,34
2026-04-06,ENT018,gross_margin,278,278,7313,8.26,86,76,59
2026-04-06,ENT019,automation_savings,266,290,3965,3.08,97,98,41
2026-04-06,ENT020,automation_savings,220,220,8764,12.41,225,68,79
2026-04-06,ENT021,automation_savings,74,83,2161,3.49,15,96,33
2026-04-06,ENT022,backlog_age,187,176,4702,8.65,185,74,45
2026-04-06,ENT023,metric_certification,226,170,4222,10.65,96,75,43
2026-04-06,ENT024,gross_margin,209,238,6246,7.6,137,80,64
2026-04-07,ENT001,gross_margin,264,240,2439,10.46,129,74,45
2026-04-07,ENT002,backlog_age,201,221,8740,12.09,144,70,54
2026-04-07,ENT003,launch_readiness,156,195,3710,5.85,81,89,36
2026-04-07,ENT004,launch_readiness,189,240,7920,1.79,55,99,26
2026-04-07,ENT005,qa_defect_rate,96,114,1110,14.34,229,62,81
2026-04-07,ENT006,launch_readiness,107,87,7160,8.7,92,74,54
2026-04-07,ENT007,gross_margin,85,100,7897,13.6,145,62,89
2026-04-07,ENT008,launch_readiness,244,244,6883,10.78,65,73,54
2026-04-07,ENT009,automation_savings,164,159,2319,3.99,195,95,17
2026-04-07,ENT010,qa_defect_rate,179,145,2885,7.48,187,79,62
2026-04-07,ENT011,qa_defect_rate,206,171,6222,6.17,69,88,57
2026-04-07,ENT012,backlog_age,85,68,2505,4.29,58,93,38
2026-04-07,ENT013,metric_certification,151,148,3099,6.63,53,82,50
2026-04-07,ENT014,automation_savings,100,100,5111,10.33,165,73,42
2026-04-07,ENT015,gross_margin,231,245,7776,7.26,239,84,28
2026-04-07,ENT016,launch_readiness,124,107,427,9.91,184,75,66
2026-04-07,ENT017,backlog_age,123,97,2299,9.9,204,75,67
2026-04-07,ENT018,launch_readiness,259,264,2544,12.05,21,66,58
2026-04-07,ENT019,metric_certification,254,267,5622,13.94,45,61,59
2026-04-07,ENT020,backlog_age,185,202,3644,9.12,168,77,64
2026-04-07,ENT021,qa_defect_rate,92,106,576,13.83,54,64,69
2026-04-07,ENT022,metric_certification,240,192,8005,13.31,238,65,84
2026-04-07,ENT023,qa_defect_rate,100,111,3554,9.68,163,76,51
2026-04-07,ENT024,metric_certification,149,171,3578,2.3,227,94,31
2026-04-08,ENT001,backlog_age,237,263,401,4.81,69,86,44
2026-04-08,ENT002,backlog_age,113,124,4905,7.7,192,81,64
2026-04-08,ENT003,gross_margin,192,192,7179,3.33,49,97,31
2026-04-08,ENT004,automation_savings,172,167,6849,8.71,149,74,36
2026-04-08,ENT005,qa_defect_rate,255,217,6057,7.66,175,78,35
2026-04-08,ENT006,launch_readiness,223,169,766,7.66,202,85,42
2026-04-08,ENT007,automation_savings,256,269,6076,3.15,215,97,30
2026-04-08,ENT008,automation_savings,248,193,8505,1.52,214,96,24
2026-04-08,ENT009,gross_margin,223,252,5798,7.57,217,81,50
2026-04-08,ENT010,qa_defect_rate,110,122,462,5.55,165,88,54
2026-04-08,ENT011,automation_savings,182,187,554,3.76,181,93,35
2026-04-08,ENT012,metric_certification,215,234,946,11.77,49,69,67
2026-04-08,ENT013,automation_savings,169,176,7530,2.12,186,94,16
2026-04-08,ENT014,launch_readiness,232,234,6222,12.61,235,64,56
2026-04-08,ENT015,launch_readiness,242,179,1656,12.2,66,67,59
2026-04-08,ENT016,launch_readiness,184,191,685,11.4,223,73,57
2026-04-08,ENT017,launch_readiness,68,52,3132,14.28,218,60,75
2026-04-08,ENT018,automation_savings,244,307,8703,6.99,144,82,41
2026-04-08,ENT019,gross_margin,225,245,4396,8.89,138,76,54
2026-04-08,ENT020,qa_defect_rate,107,122,3747,4.25,201,90,50
2026-04-08,ENT021,gross_margin,278,309,4133,14.42,142,59,69
2026-04-08,ENT022,launch_readiness,73,93,4837,11.69,113,68,78
2026-04-08,ENT023,gross_margin,86,66,5601,12.64,127,67,68
2026-04-08,ENT024,qa_defect_rate,207,230,3509,13.02,160,62,63
2026-04-09,ENT001,qa_defect_rate,244,288,6036,11.29,157,73,70
2026-04-09,ENT002,automation_savings,132,99,6745,3.65,165,96,38
2026-04-09,ENT003,launch_readiness,159,200,3907,2.64,135,99,39
2026-04-09,ENT004,automation_savings,121,113,8538,14.33,83,59,92
2026-04-09,ENT005,launch_readiness,220,264,6154,13.04,155,66,64
2026-04-09,ENT006,launch_readiness,249,204,6061,4.66,128,93,43
2026-04-09,ENT007,qa_defect_rate,84,108,8684,9.49,183,72,56
2026-04-09,ENT008,automation_savings,189,168,6914,3.68,214,94,34
2026-04-09,ENT009,metric_certification,198,170,3613,14.2,174,64,86
2026-04-09,ENT010,gross_margin,90,109,692,3.42,89,94,36
2026-04-09,ENT011,qa_defect_rate,93,112,4355,11.17,210,72,63
2026-04-09,ENT012,backlog_age,159,156,1910,8.46,144,75,54
2026-04-09,ENT013,automation_savings,116,114,8270,8.71,168,78,50
2026-04-09,ENT014,launch_readiness,243,192,3736,7.52,170,77,33
2026-04-09,ENT015,launch_readiness,154,134,3912,11.05,75,70,67
2026-04-09,ENT016,backlog_age,271,257,3070,9.96,179,73,40
2026-04-09,ENT017,gross_margin,79,100,5035,2.88,239,96,32
2026-04-09,ENT018,launch_readiness,273,273,7802,4.43,66,87,26
2026-04-09,ENT019,qa_defect_rate,186,234,4321,11.9,236,69,70
2026-04-09,ENT020,backlog_age,173,144,8370,8.35,202,76,69
2026-04-09,ENT021,launch_readiness,140,122,7389,2.41,178,95,13
2026-04-09,ENT022,metric_certification,236,175,2852,13.53,189,64,66
2026-04-09,ENT023,backlog_age,271,298,4359,2.86,159,98,35
2026-04-09,ENT024,automation_savings,219,199,4216,9.69,130,78,50
2026-04-10,ENT001,qa_defect_rate,89,105,3865,12.41,151,71,50
2026-04-10,ENT002,gross_margin,244,217,2961,8.07,72,78,49
2026-04-10,ENT003,metric_certification,226,185,4616,11.49,139,66,64
2026-04-10,ENT004,metric_certification,171,215,1129,12.94,136,68,79
2026-04-10,ENT005,launch_readiness,92,75,2648,11.36,14,71,77
2026-04-10,ENT006,qa_defect_rate,250,235,1713,6.2,190,87,39
2026-04-10,ENT007,qa_defect_rate,247,212,7491,12.71,162,66,77
2026-04-10,ENT008,metric_certification,66,71,6980,9.93,201,75,67
2026-04-10,ENT009,automation_savings,268,324,4815,3.15,223,96,27
2026-04-10,ENT010,gross_margin,266,325,7885,5.96,141,85,55
2026-04-10,ENT011,backlog_age,265,289,8279,6.85,131,81,53
2026-04-10,ENT012,backlog_age,212,210,233,11.41,108,74,69
2026-04-10,ENT013,backlog_age,253,243,4335,4.05,14,93,42
2026-04-10,ENT014,metric_certification,143,177,848,11.29,236,71,59
2026-04-10,ENT015,automation_savings,162,138,4083,6.63,96,81,58
2026-04-10,ENT016,launch_readiness,114,88,1302,8.01,128,78,57
2026-04-10,ENT017,metric_certification,65,63,5909,3.71,138,96,25
2026-04-10,ENT018,qa_defect_rate,224,179,1922,6,136,87,32
2026-04-10,ENT019,automation_savings,197,229,2740,11.16,25,73,48
2026-04-10,ENT020,qa_defect_rate,196,212,1195,9.23,109,75,64
2026-04-10,ENT021,metric_certification,101,99,7128,4.2,122,92,47
2026-04-10,ENT022,automation_savings,259,280,3019,5.8,217,88,42
2026-04-10,ENT023,launch_readiness,151,122,4979,5.93,32,84,46
2026-04-10,ENT024,launch_readiness,76,87,6110,4.49,159,87,43
2026-04-11,ENT001,qa_defect_rate,275,217,7398,6.94,96,86,46
2026-04-11,ENT002,automation_savings,273,218,2326,6.31,205,87,38
2026-04-11,ENT003,launch_readiness,182,153,4420,1.83,148,99,36
2026-04-11,ENT004,metric_certification,77,82,1758,2.08,188,95,15
2026-04-11,ENT005,automation_savings,239,306,7934,12.78,107,68,75
2026-04-11,ENT006,automation_savings,133,153,4298,9.01,84,79,52
2026-04-11,ENT007,gross_margin,187,219,5415,9.13,96,73,62
2026-04-11,ENT008,qa_defect_rate,146,181,6883,3.2,141,93,36
2026-04-11,ENT009,automation_savings,237,268,2845,8.94,122,75,39
2026-04-11,ENT010,qa_defect_rate,192,165,1825,8.28,98,80,51
2026-04-11,ENT011,automation_savings,222,260,5208,11.51,199,68,55
2026-04-11,ENT012,backlog_age,76,91,1898,1.92,221,99,24
2026-04-11,ENT013,metric_certification,251,316,5891,8.03,25,76,61
2026-04-11,ENT014,qa_defect_rate,216,251,2986,4.41,68,94,50
2026-04-11,ENT015,backlog_age,82,66,2856,5.03,16,92,19
2026-04-11,ENT016,gross_margin,144,115,250,11.21,209,71,71
2026-04-11,ENT017,metric_certification,209,192,5884,9.06,73,79,43
2026-04-11,ENT018,backlog_age,242,189,4295,3.55,76,92,19
2026-04-11,ENT019,qa_defect_rate,155,175,8145,11.14,162,73,74
2026-04-11,ENT020,backlog_age,254,185,3817,10.93,144,71,59
2026-04-11,ENT021,launch_readiness,205,215,2367,10.42,216,71,46
2026-04-11,ENT022,qa_defect_rate,152,147,8534,4.76,234,89,23
2026-04-11,ENT023,metric_certification,133,133,5917,11.67,32,66,80
2026-04-11,ENT024,launch_readiness,155,130,2910,12.84,98,67,62
2026-04-12,ENT001,qa_defect_rate,69,63,5616,9.9,90,77,56
2026-04-12,ENT002,backlog_age,96,99,6921,12.99,231,64,85
2026-04-12,ENT003,metric_certification,88,82,662,13.87,78,65,77
2026-04-12,ENT004,backlog_age,81,59,3030,8.57,175,78,35
2026-04-12,ENT005,metric_certification,222,198,958,4.68,165,93,44
2026-04-12,ENT006,launch_readiness,69,77,5864,13.08,16,65,61
2026-04-12,ENT007,metric_certification,258,235,7603,11.34,215,72,72
2026-04-12,ENT008,automation_savings,107,89,7031,8.66,55,79,69
2026-04-12,ENT009,metric_certification,180,153,2294,4.32,143,91,41
2026-04-12,ENT010,metric_certification,123,135,202,8.74,26,75,63
2026-04-12,ENT011,qa_defect_rate,184,171,8097,10.11,46,73,60
2026-04-12,ENT012,metric_certification,154,114,6200,3.53,134,91,31
2026-04-12,ENT013,metric_certification,263,313,7494,4.79,100,87,30
2026-04-12,ENT014,qa_defect_rate,150,176,8887,9.61,46,74,70
2026-04-12,ENT015,launch_readiness,216,210,3150,2.58,234,98,21
2026-04-12,ENT016,launch_readiness,196,180,7013,2.5,157,99,30
2026-04-12,ENT017,metric_certification,98,119,7321,14.42,30,61,90
2026-04-12,ENT018,metric_certification,100,122,3623,5.19,123,91,50
2026-04-12,ENT019,gross_margin,227,241,4501,6.54,220,87,26
2026-04-12,ENT020,metric_certification,266,263,4381,7.76,128,78,45
2026-04-12,ENT021,gross_margin,124,98,3270,1.97,75,99,15
2026-04-12,ENT022,gross_margin,198,170,6984,3.88,104,93,44
2026-04-12,ENT023,metric_certification,250,300,7862,13.17,46,63,77
2026-04-12,ENT024,launch_readiness,239,208,8405,14.42,83,63,72
2026-04-13,ENT001,metric_certification,81,75,7569,13.56,64,65,67
2026-04-13,ENT002,backlog_age,76,87,3220,6.97,99,82,54
2026-04-13,ENT003,gross_margin,271,233,1835,13.06,129,62,78
2026-04-13,ENT004,gross_margin,262,197,8698,10.45,90,69,57
2026-04-13,ENT005,backlog_age,89,83,7496,3.71,203,89,35
2026-04-13,ENT006,gross_margin,73,84,687,8.64,22,80,42
2026-04-13,ENT007,gross_margin,225,266,3594,9.17,119,80,66
2026-04-13,ENT008,gross_margin,109,123,1145,2.74,22,95,35
2026-04-13,ENT009,gross_margin,221,281,1061,4.33,158,89,38
2026-04-13,ENT010,backlog_age,152,123,5099,8.96,46,75,36
2026-04-13,ENT011,qa_defect_rate,210,229,5367,3.85,41,92,25
2026-04-13,ENT012,backlog_age,257,280,5743,4.05,239,95,35
2026-04-13,ENT013,backlog_age,280,207,5928,7.72,198,84,44
2026-04-13,ENT014,gross_margin,119,108,1678,13.9,149,60,71
2026-04-13,ENT015,qa_defect_rate,275,330,1193,11.85,67,70,63
2026-04-13,ENT016,launch_readiness,163,187,4162,7.04,223,84,31
2026-04-13,ENT017,automation_savings,237,218,5890,5.59,53,86,37
2026-04-13,ENT018,qa_defect_rate,266,221,8678,9.3,112,80,57
2026-04-13,ENT019,launch_readiness,204,204,4760,8.31,56,77,36
2026-04-13,ENT020,metric_certification,203,201,2181,10.26,169,74,47
2026-04-13,ENT021,automation_savings,225,266,4395,2,57,99,14
2026-04-13,ENT022,backlog_age,86,71,6026,12.91,206,67,79
2026-04-13,ENT023,metric_certification,159,178,4812,6.76,17,82,33
2026-04-13,ENT024,launch_readiness,165,185,2935,5.14,79,91,37
2026-04-14,ENT001,automation_savings,115,102,6699,13.43,233,65,83
2026-04-14,ENT002,qa_defect_rate,199,171,6682,9.36,46,76,65
2026-04-14,ENT003,metric_certification,254,274,822,7.12,101,79,37
2026-04-14,ENT004,metric_certification,108,134,6906,2.02,212,99,31
2026-04-14,ENT005,qa_defect_rate,154,171,2033,3.76,65,95,35
2026-04-14,ENT006,qa_defect_rate,210,248,3115,2.19,197,96,20
2026-04-14,ENT007,automation_savings,119,115,2996,8.69,151,76,69
2026-04-14,ENT008,metric_certification,150,116,3013,4.11,179,93,19
2026-04-14,ENT009,automation_savings,111,137,8199,14.23,97,58,66
2026-04-14,ENT010,metric_certification,211,260,2988,13.79,110,59,92
2026-04-14,ENT011,launch_readiness,198,170,5513,10.18,158,70,58
2026-04-14,ENT012,launch_readiness,248,270,4282,7.53,75,81,62
2026-04-14,ENT013,metric_certification,134,159,210,7.48,105,82,48
2026-04-14,ENT014,qa_defect_rate,135,170,2395,7.49,185,80,33
2026-04-14,ENT015,gross_margin,236,208,4362,9.68,28,71,43
2026-04-14,ENT016,launch_readiness,205,226,3254,14.27,30,64,63
2026-04-14,ENT017,launch_readiness,105,103,8413,10.56,14,74,75
2026-04-14,ENT018,gross_margin,189,140,3702,4.47,167,94,45
2026-04-14,ENT019,automation_savings,145,162,6265,4.67,43,86,39
2026-04-14,ENT020,metric_certification,92,99,7662,6.23,204,83,53
2026-04-14,ENT021,qa_defect_rate,71,80,2525,10.89,120,70,48
2026-04-14,ENT022,qa_defect_rate,204,216,6627,5.83,63,84,35
2026-04-14,ENT023,launch_readiness,215,247,1915,5.02,173,88,53
2026-04-14,ENT024,automation_savings,256,266,4749,10.2,108,74,55
2026-04-15,ENT001,automation_savings,244,256,7595,8.3,182,82,65
2026-04-15,ENT002,automation_savings,72,82,8241,5.53,137,89,32
2026-04-15,ENT003,metric_certification,256,279,1656,6.99,80,86,50
2026-04-15,ENT004,gross_margin,238,174,5870,6.83,193,81,49
2026-04-15,ENT005,gross_margin,141,106,5884,1.98,107,99,34
2026-04-15,ENT006,gross_margin,169,215,2964,3.46,233,95,33
2026-04-15,ENT007,qa_defect_rate,243,262,8728,6.25,28,85,37
2026-04-15,ENT008,metric_certification,68,50,1894,8.7,34,74,60
2026-04-15,ENT009,backlog_age,86,67,8226,3.53,173,90,22
2026-04-15,ENT010,launch_readiness,70,67,410,5.36,225,86,43
2026-04-15,ENT011,qa_defect_rate,101,128,1418,10.82,198,73,46
2026-04-15,ENT012,qa_defect_rate,263,221,7801,8.26,146,83,61
2026-04-15,ENT013,metric_certification,140,161,506,10.95,122,70,51
2026-04-15,ENT014,metric_certification,265,278,7545,9.89,19,76,66
2026-04-15,ENT015,backlog_age,133,166,4428,2.15,233,97,16
2026-04-15,ENT016,metric_certification,105,113,241,3.86,169,95,17
2026-04-15,ENT017,qa_defect_rate,100,76,6100,8.62,70,77,35
2026-04-15,ENT018,backlog_age,229,243,1927,8.58,238,81,40
2026-04-15,ENT019,qa_defect_rate,164,195,8590,13.07,152,68,68
2026-04-15,ENT020,backlog_age,227,279,6737,12.73,227,64,63
2026-04-15,ENT021,metric_certification,138,105,5598,6.3,50,83,35
2026-04-15,ENT022,gross_margin,136,107,3064,11.87,167,70,79
2026-04-15,ENT023,metric_certification,181,226,6549,10.78,117,74,72
2026-04-15,ENT024,gross_margin,240,194,7566,6,21,89,25
2026-04-16,ENT001,backlog_age,165,196,8159,13.16,14,66,84
2026-04-16,ENT002,automation_savings,220,187,1057,10.09,38,77,65
2026-04-16,ENT003,automation_savings,123,129,1682,13.89,211,60,80
2026-04-16,ENT004,gross_margin,246,180,7114,12.68,197,70,83
2026-04-16,ENT005,qa_defect_rate,255,247,6917,11.75,60,70,52
2026-04-16,ENT006,automation_savings,126,134,1201,12.43,112,63,62
2026-04-16,ENT007,gross_margin,91,73,8097,14.41,205,61,79
2026-04-16,ENT008,backlog_age,184,199,7120,2.68,65,93,19
2026-04-16,ENT009,qa_defect_rate,216,274,5735,10.01,203,74,63
2026-04-16,ENT010,qa_defect_rate,199,187,6138,8.01,229,83,36
2026-04-16,ENT011,metric_certification,139,171,6034,3.72,18,94,38
2026-04-16,ENT012,qa_defect_rate,271,304,6674,3.8,106,91,17
2026-04-16,ENT013,backlog_age,236,243,1371,2.28,150,93,20
2026-04-16,ENT014,automation_savings,199,173,6947,4.82,30,90,38
2026-04-16,ENT015,automation_savings,267,238,4306,11.59,169,70,56
2026-04-16,ENT016,qa_defect_rate,133,126,2220,10.73,150,75,56
2026-04-16,ENT017,gross_margin,239,215,1312,8.28,208,78,44
2026-04-16,ENT018,gross_margin,158,152,975,3.73,104,94,37
2026-04-16,ENT019,launch_readiness,212,233,4617,2.21,184,95,43
2026-04-16,ENT020,automation_savings,96,92,5392,11.05,59,73,47
2026-04-16,ENT021,gross_margin,95,89,5938,8.11,148,76,44
2026-04-16,ENT022,qa_defect_rate,163,170,763,11.54,156,67,63
2026-04-16,ENT023,gross_margin,90,87,1563,4.12,191,90,45
2026-04-16,ENT024,automation_savings,118,85,7337,11.23,182,73,72
2026-04-17,ENT001,automation_savings,274,340,8521,7.3,113,79,36
2026-04-17,ENT002,gross_margin,145,181,7284,1.89,154,98,32
2026-04-17,ENT003,automation_savings,182,135,471,6.27,237,83,29
2026-04-17,ENT004,qa_defect_rate,211,251,5472,10.62,218,76,72
2026-04-17,ENT005,automation_savings,115,91,4145,10.73,166,74,46
2026-04-17,ENT006,backlog_age,91,80,1022,6.35,96,84,28
2026-04-17,ENT007,automation_savings,72,86,8481,10.02,57,70,59
2026-04-17,ENT008,metric_certification,230,191,3488,14.48,124,63,82
2026-04-17,ENT009,metric_certification,200,162,7546,9.69,59,78,63
2026-04-17,ENT010,gross_margin,260,309,4413,10.37,14,75,40
2026-04-17,ENT011,gross_margin,156,145,7785,3.08,218,96,42
2026-04-17,ENT012,backlog_age,86,103,2427,7.95,119,83,43
2026-04-17,ENT013,qa_defect_rate,200,170,8511,7.86,146,80,62
2026-04-17,ENT014,qa_defect_rate,110,102,1565,5.27,197,87,47
2026-04-17,ENT015,backlog_age,132,98,227,11.59,64,71,71
2026-04-17,ENT016,metric_certification,178,135,682,8.06,224,82,60
2026-04-17,ENT017,qa_defect_rate,166,173,7559,8.3,16,75,63
2026-04-17,ENT018,automation_savings,229,188,697,14.29,59,65,72
2026-04-17,ENT019,qa_defect_rate,80,72,7300,9.05,226,75,54
2026-04-17,ENT020,qa_defect_rate,102,110,2921,11.74,37,70,76
2026-04-17,ENT021,automation_savings,97,93,7021,13.47,86,63,56
2026-04-17,ENT022,backlog_age,189,144,7382,1.55,181,96,7
2026-04-17,ENT023,backlog_age,244,278,7714,7.37,111,81,37
2026-04-17,ENT024,metric_certification,158,193,2239,8.8,101,74,37
2026-04-18,ENT001,metric_certification,158,115,2122,12.23,238,64,66
2026-04-18,ENT002,launch_readiness,261,240,6703,2.06,39,95,17
2026-04-18,ENT003,launch_readiness,171,200,8747,4.84,187,86,27
2026-04-18,ENT004,metric_certification,269,291,6928,7.94,78,83,58
2026-04-18,ENT005,backlog_age,248,265,7736,5.81,42,87,30
2026-04-18,ENT006,qa_defect_rate,131,159,7856,4.71,52,90,43
2026-04-18,ENT007,metric_certification,219,160,1649,12.15,154,67,49
2026-04-18,ENT008,launch_readiness,203,173,4788,10.77,119,70,58
2026-04-18,ENT009,gross_margin,217,221,4869,7.83,126,84,61
2026-04-18,ENT010,backlog_age,186,236,8468,4.29,215,90,47
2026-04-18,ENT011,metric_certification,266,330,6244,13.37,86,66,75
2026-04-18,ENT012,gross_margin,215,217,7732,11.75,177,66,82
2026-04-18,ENT013,launch_readiness,77,59,3101,5.33,126,90,32
2026-04-18,ENT014,automation_savings,226,228,3518,14.49,101,64,89
2026-04-18,ENT015,launch_readiness,138,108,8487,4.96,205,86,30
2026-04-18,ENT016,metric_certification,186,225,7187,11.28,240,68,59
2026-04-18,ENT017,automation_savings,222,222,4901,10.71,49,74,69
2026-04-18,ENT018,qa_defect_rate,107,131,3177,2.88,223,92,45
2026-04-18,ENT019,automation_savings,258,201,5063,8.8,192,80,56
2026-04-18,ENT020,launch_readiness,271,225,847,2.61,97,95,23
2026-04-18,ENT021,automation_savings,134,110,5634,9.78,51,73,61
2026-04-18,ENT022,qa_defect_rate,172,218,6048,7.91,219,82,61
2026-04-18,ENT023,automation_savings,137,138,3391,7.11,106,83,47
2026-04-18,ENT024,launch_readiness,249,304,1604,10.9,27,67,64
2026-04-19,ENT001,metric_certification,106,104,2473,13.72,205,66,81
2026-04-19,ENT002,backlog_age,177,147,8086,8.95,212,79,52
2026-04-19,ENT003,metric_certification,94,118,3783,7.55,148,79,42
2026-04-19,ENT004,backlog_age,174,209,1857,2.21,113,99,17
2026-04-19,ENT005,automation_savings,165,183,3323,7.12,44,83,41
2026-04-19,ENT006,qa_defect_rate,151,151,2599,4.23,128,94,24
2026-04-19,ENT007,backlog_age,187,140,8359,4.13,211,91,33
2026-04-19,ENT008,backlog_age,156,159,280,13.47,14,67,81
2026-04-19,ENT009,gross_margin,71,61,8985,12.96,163,68,84
2026-04-19,ENT010,backlog_age,177,156,7004,10.89,157,71,67
2026-04-19,ENT011,launch_readiness,205,195,3214,3.28,108,91,14
2026-04-19,ENT012,automation_savings,147,181,1816,9.51,104,78,44
2026-04-19,ENT013,qa_defect_rate,182,186,4227,1.59,161,98,16
2026-04-19,ENT014,backlog_age,182,187,391,12.96,61,62,82
2026-04-19,ENT015,backlog_age,102,113,3014,10.8,21,71,47
2026-04-19,ENT016,launch_readiness,157,149,8762,13.05,107,66,62
2026-04-19,ENT017,gross_margin,158,199,2391,7.78,238,80,53
2026-04-19,ENT018,gross_margin,152,173,3804,13.34,93,61,86
2026-04-19,ENT019,automation_savings,214,223,6397,5.91,56,90,33
2026-04-19,ENT020,qa_defect_rate,251,183,2927,13.69,232,61,86
2026-04-19,ENT021,backlog_age,254,318,791,13.67,57,64,66
2026-04-19,ENT022,automation_savings,126,152,8877,7.85,81,83,53
2026-04-19,ENT023,metric_certification,178,201,4893,6.18,232,88,44
2026-04-19,ENT024,metric_certification,123,107,8070,6.95,39,85,39
2026-04-20,ENT001,gross_margin,245,301,7473,13.79,112,66,65
2026-04-20,ENT002,launch_readiness,203,197,4595,11.17,112,69,76
2026-04-20,ENT003,launch_readiness,228,274,762,2.6,34,95,15
2026-04-20,ENT004,launch_readiness,169,135,704,7.22,32,86,36
2026-04-20,ENT005,launch_readiness,71,65,5535,2.07,131,99,28
2026-04-20,ENT006,gross_margin,109,108,4057,4.91,78,90,21
2026-04-20,ENT007,automation_savings,118,129,6999,11.54,230,68,64
2026-04-20,ENT008,automation_savings,197,162,8213,8.76,60,78,58
2026-04-20,ENT009,metric_certification,266,293,6645,10.83,213,72,71
2026-04-20,ENT010,automation_savings,272,272,8793,2.53,132,98,29
2026-04-20,ENT011,qa_defect_rate,195,236,2729,9.77,140,72,58
2026-04-20,ENT012,qa_defect_rate,70,67,1812,11.77,236,66,72
2026-04-20,ENT013,automation_savings,238,228,6445,6.78,152,87,45
2026-04-20,ENT014,metric_certification,99,103,8763,10.41,230,70,65
2026-04-20,ENT015,metric_certification,111,97,4568,12.44,141,65,66
2026-04-20,ENT016,metric_certification,142,136,3588,9.3,18,74,42
2026-04-20,ENT017,automation_savings,207,161,2388,8.02,112,76,37
2026-04-20,ENT018,automation_savings,135,117,203,1.8,132,99,12
2026-04-20,ENT019,gross_margin,114,119,4187,8.09,74,81,58
2026-04-20,ENT020,metric_certification,176,155,6223,13.3,37,62,76
2026-04-20,ENT021,metric_certification,125,104,2659,6.03,176,82,55
2026-04-20,ENT022,metric_certification,116,125,3456,7.85,86,80,36
2026-04-20,ENT023,qa_defect_rate,184,190,3986,10.65,150,74,57
2026-04-20,ENT024,gross_margin,209,217,8667,2.63,46,96,36
2026-04-21,ENT001,launch_readiness,110,95,8335,4.7,119,87,39
2026-04-21,ENT002,gross_margin,270,246,542,13.6,145,62,60
2026-04-21,ENT003,launch_readiness,254,188,8178,7.46,46,80,50
2026-04-21,ENT004,qa_defect_rate,118,112,7223,14.01,55,58,88
2026-04-21,ENT005,automation_savings,228,269,4465,7.3,88,79,43
2026-04-21,ENT006,qa_defect_rate,234,227,6508,9.99,165,77,63
2026-04-21,ENT007,launch_readiness,204,239,4947,11.23,40,70,71
2026-04-21,ENT008,qa_defect_rate,269,256,4466,12.08,108,64,52
2026-04-21,ENT009,gross_margin,67,66,4669,3.48,149,97,35
2026-04-21,ENT010,launch_readiness,133,140,6997,6.83,34,82,32
2026-04-21,ENT011,backlog_age,79,87,2131,8.06,99,81,57
2026-04-21,ENT012,gross_margin,225,252,324,6.34,52,84,37
2026-04-21,ENT013,metric_certification,239,275,6540,8.3,57,77,44
2026-04-21,ENT014,gross_margin,151,189,2840,6.83,130,85,47
2026-04-21,ENT015,qa_defect_rate,89,90,457,9.45,110,79,63
2026-04-21,ENT016,launch_readiness,249,316,995,12.21,223,71,67
2026-04-21,ENT017,backlog_age,228,203,562,10.21,171,76,47
2026-04-21,ENT018,backlog_age,95,76,1143,5.61,176,85,25
2026-04-21,ENT019,qa_defect_rate,179,143,2466,13.29,103,65,66
2026-04-21,ENT020,backlog_age,234,218,1111,11.98,76,68,61
2026-04-21,ENT021,gross_margin,117,131,5792,10.02,81,70,77
2026-04-21,ENT022,backlog_age,263,245,6363,4.65,157,93,30
2026-04-21,ENT023,backlog_age,243,238,3590,3.86,30,92,25
2026-04-21,ENT024,metric_certification,129,135,1573,6.85,12,84,34
2026-04-22,ENT001,metric_certification,150,161,7418,7.98,211,80,41
2026-04-22,ENT002,backlog_age,148,135,2468,11.34,91,69,54
2026-04-22,ENT003,launch_readiness,125,114,1073,3.83,213,92,42
2026-04-22,ENT004,qa_defect_rate,154,182,637,3.89,234,94,29
2026-04-22,ENT005,metric_certification,91,99,1359,3.69,217,90,21
2026-04-22,ENT006,metric_certification,161,137,6459,12.94,26,64,86
2026-04-22,ENT007,backlog_age,263,287,2892,9.26,212,74,49
2026-04-22,ENT008,launch_readiness,158,183,2829,3.08,65,94,16
2026-04-22,ENT009,qa_defect_rate,86,85,3188,9.16,127,77,39
2026-04-22,ENT010,qa_defect_rate,124,145,5928,2.64,42,96,42
2026-04-22,ENT011,backlog_age,186,173,993,2.59,185,96,32
2026-04-22,ENT012,qa_defect_rate,260,294,1107,10.26,230,77,49
2026-04-22,ENT013,gross_margin,229,263,3528,9.79,119,75,65
2026-04-22,ENT014,automation_savings,134,117,3659,5.47,25,87,32
2026-04-22,ENT015,qa_defect_rate,230,214,6977,4.67,212,91,51
2026-04-22,ENT016,gross_margin,207,193,3621,11.2,117,70,69
2026-04-22,ENT017,automation_savings,133,112,3735,3.35,59,93,20
2026-04-22,ENT018,metric_certification,126,117,8708,13.39,119,62,90
2026-04-22,ENT019,qa_defect_rate,254,274,7496,9.73,61,74,65
2026-04-22,ENT020,metric_certification,235,301,6954,10.54,58,69,76
2026-04-22,ENT021,automation_savings,221,223,6977,13.03,187,65,81
2026-04-22,ENT022,gross_margin,94,90,724,11.24,46,70,72
2026-04-22,ENT023,qa_defect_rate,279,223,8852,11.39,101,72,72
2026-04-22,ENT024,qa_defect_rate,205,191,5039,5.8,188,88,40
2026-04-23,ENT001,automation_savings,222,209,393,9.4,205,73,52
2026-04-23,ENT002,metric_certification,91,76,1306,2.74,15,93,21
2026-04-23,ENT003,launch_readiness,276,326,1321,2.67,166,93,19
2026-04-23,ENT004,backlog_age,249,294,7002,13.41,220,61,78
2026-04-23,ENT005,qa_defect_rate,243,258,8614,14.4,189,61,90
2026-04-23,ENT006,metric_certification,224,282,2646,10.52,39,72,75
2026-04-23,ENT007,qa_defect_rate,167,185,3751,1.96,233,98,23
2026-04-23,ENT008,launch_readiness,130,103,1481,3.69,126,91,31
2026-04-23,ENT009,gross_margin,127,154,4563,10.4,135,73,66
2026-04-23,ENT010,automation_savings,230,242,3208,11.07,163,68,45
2026-04-23,ENT011,gross_margin,252,290,1120,14.07,199,65,69
2026-04-23,ENT012,backlog_age,94,100,1226,4.84,138,92,49
2026-04-23,ENT013,gross_margin,94,119,7575,5.13,182,87,40
2026-04-23,ENT014,gross_margin,114,107,7726,12.81,237,63,74
2026-04-23,ENT015,gross_margin,137,104,6979,4.17,107,88,18
2026-04-23,ENT016,backlog_age,231,185,7417,11.95,65,65,74
2026-04-23,ENT017,automation_savings,101,112,3118,5.73,162,85,39
2026-04-23,ENT018,launch_readiness,158,131,449,4.01,141,90,37
2026-04-23,ENT019,qa_defect_rate,237,256,1011,1.85,146,95,37
2026-04-23,ENT020,qa_defect_rate,259,194,748,13.01,202,66,69
2026-04-23,ENT021,backlog_age,269,323,5230,5.7,51,89,48
2026-04-23,ENT022,backlog_age,268,252,7576,4.86,17,86,49
2026-04-23,ENT023,automation_savings,270,275,391,10.07,193,71,64
2026-04-23,ENT024,backlog_age,166,141,3864,1.9,196,99,28
2026-04-24,ENT001,metric_certification,240,204,3001,10.96,199,73,49
2026-04-24,ENT002,qa_defect_rate,193,232,8057,2.44,39,99,35
2026-04-24,ENT003,qa_defect_rate,122,144,6265,5.18,46,86,38
2026-04-24,ENT004,backlog_age,215,161,1083,4.37,177,91,29
2026-04-24,ENT005,metric_certification,247,272,5174,13.82,192,59,80
2026-04-24,ENT006,backlog_age,169,216,4957,2.7,185,96,42
2026-04-24,ENT007,metric_certification,271,287,3752,1.93,104,97,35
2026-04-24,ENT008,automation_savings,77,74,832,13.1,83,63,81
2026-04-24,ENT009,gross_margin,261,191,4464,5.97,215,82,46
2026-04-24,ENT010,automation_savings,274,307,7608,4.5,235,94,32
2026-04-24,ENT011,launch_readiness,69,87,6543,14.46,227,59,72
2026-04-24,ENT012,backlog_age,129,151,8894,13.62,109,66,82
2026-04-24,ENT013,metric_certification,201,161,4317,4.49,147,94,37
2026-04-24,ENT014,metric_certification,213,202,4859,12.58,231,65,68
2026-04-24,ENT015,gross_margin,111,82,3379,4.3,194,95,23
2026-04-24,ENT016,qa_defect_rate,158,120,1641,10.38,30,70,49
2026-04-24,ENT017,automation_savings,152,187,1071,12.85,239,68,77
2026-04-24,ENT018,metric_certification,179,136,749,11.57,20,73,76
2026-04-24,ENT019,automation_savings,79,99,2654,10.37,159,74,71
2026-04-24,ENT020,qa_defect_rate,224,249,6316,13.71,105,66,67
2026-04-24,ENT021,gross_margin,146,124,1795,7.92,202,84,42
2026-04-24,ENT022,qa_defect_rate,205,164,5586,5,163,90,31
2026-04-24,ENT023,qa_defect_rate,250,300,5654,5.97,193,83,56
2026-04-24,ENT024,qa_defect_rate,228,249,2917,13.82,172,65,83
2026-04-25,ENT001,backlog_age,167,212,6452,4.95,124,93,18
2026-04-25,ENT002,automation_savings,170,179,274,2.28,114,94,24
2026-04-25,ENT003,qa_defect_rate,206,255,6558,2.81,55,95,29
2026-04-25,ENT004,backlog_age,130,126,4472,6.82,99,84,52
2026-04-25,ENT005,backlog_age,148,117,7896,5.59,239,84,50
2026-04-25,ENT006,qa_defect_rate,221,272,7667,5.73,42,86,40
2026-04-25,ENT007,launch_readiness,122,110,1355,11.98,111,67,50
2026-04-25,ENT008,gross_margin,160,118,3522,7.72,16,79,36
2026-04-25,ENT009,gross_margin,186,193,793,10.88,13,72,74
2026-04-25,ENT010,backlog_age,134,106,3372,10.53,151,76,69
2026-04-25,ENT011,automation_savings,126,110,5686,4.96,184,89,28
2026-04-25,ENT012,automation_savings,176,220,7797,11.41,82,70,78
2026-04-25,ENT013,backlog_age,114,100,8379,8.24,200,79,34
2026-04-25,ENT014,metric_certification,172,193,4945,4.77,217,89,31
2026-04-25,ENT015,backlog_age,78,98,1325,4.62,19,90,22
2026-04-25,ENT016,metric_certification,94,79,4542,5.67,36,86,50
2026-04-25,ENT017,metric_certification,143,122,2184,10.49,104,69,47
2026-04-25,ENT018,launch_readiness,226,258,538,8.43,50,75,35
2026-04-25,ENT019,gross_margin,217,234,7538,7.23,188,84,32
2026-04-25,ENT020,backlog_age,101,94,5114,10.17,102,70,50
2026-04-25,ENT021,qa_defect_rate,219,208,149,3.84,85,95,30
2026-04-25,ENT022,qa_defect_rate,241,280,2411,8.38,178,77,49
2026-04-25,ENT023,backlog_age,90,92,801,8.44,43,78,66
2026-04-25,ENT024,automation_savings,227,227,378,11.48,82,70,67
2026-04-26,ENT001,metric_certification,238,281,4188,12.88,194,69,77
2026-04-26,ENT002,metric_certification,223,268,2338,10.38,19,71,47
2026-04-26,ENT003,qa_defect_rate,264,327,4004,3.28,222,92,31
2026-04-26,ENT004,gross_margin,128,104,5316,2.06,37,99,10
2026-04-26,ENT005,launch_readiness,261,256,186,9.61,175,77,68
2026-04-26,ENT006,qa_defect_rate,233,245,7286,13.08,162,61,73
2026-04-26,ENT007,qa_defect_rate,185,141,6167,12.21,140,69,58
2026-04-26,ENT008,automation_savings,162,157,5498,6.23,60,85,50
2026-04-26,ENT009,backlog_age,83,78,2599,4.4,141,87,22
2026-04-26,ENT010,qa_defect_rate,173,130,3730,8.02,89,81,57
2026-04-26,ENT011,qa_defect_rate,106,92,7043,3.04,42,94,45
2026-04-26,ENT012,qa_defect_rate,100,126,1688,2.25,49,95,21
2026-04-26,ENT013,gross_margin,93,101,936,7.04,128,80,32
2026-04-26,ENT014,metric_certification,221,270,2261,5.62,228,83,49
2026-04-26,ENT015,automation_savings,230,271,8197,7.98,93,82,49
2026-04-26,ENT016,launch_readiness,201,239,921,13.24,161,66,73
2026-04-26,ENT017,automation_savings,201,179,4358,13.66,86,64,78
2026-04-26,ENT018,qa_defect_rate,178,148,1899,9.22,125,79,50
2026-04-26,ENT019,backlog_age,65,49,4087,6.65,147,88,37
2026-04-26,ENT020,automation_savings,133,149,7584,3.21,130,94,45
2026-04-26,ENT021,launch_readiness,266,255,5997,6.84,113,82,36
2026-04-26,ENT022,metric_certification,119,129,7938,2.01,42,99,20
2026-04-26,ENT023,qa_defect_rate,144,128,8819,4.04,202,91,20
2026-04-26,ENT024,gross_margin,270,308,5576,7.07,176,84,53
2026-04-27,ENT001,launch_readiness,96,75,799,7.52,225,84,39
2026-04-27,ENT002,launch_readiness,176,165,5182,12.11,47,65,56
2026-04-27,ENT003,gross_margin,88,108,2634,4.55,177,93,45
2026-04-27,ENT004,automation_savings,181,192,2908,13.63,98,63,60
2026-04-27,ENT005,automation_savings,95,93,3358,10.01,129,76,67
2026-04-27,ENT006,gross_margin,108,85,2548,8.51,236,80,34
2026-04-27,ENT007,metric_certification,115,101,3265,11.94,135,69,74
2026-04-27,ENT008,backlog_age,136,133,4942,4.56,182,89,22
2026-04-27,ENT009,automation_savings,185,200,3323,8.06,131,79,66
2026-04-27,ENT010,launch_readiness,161,116,6305,5.09,59,90,24
2026-04-27,ENT011,backlog_age,176,202,3496,3.39,59,91,37
2026-04-27,ENT012,qa_defect_rate,249,184,5473,6.45,61,88,40
2026-04-27,ENT013,automation_savings,238,274,1075,7.77,230,78,46
2026-04-27,ENT014,backlog_age,209,240,2233,8.62,132,76,52
2026-04-27,ENT015,launch_readiness,171,198,6843,7.45,78,83,45
2026-04-27,ENT016,metric_certification,261,264,4567,12.77,86,65,81
2026-04-27,ENT017,backlog_age,77,99,7724,1.64,114,96,41
2026-04-27,ENT018,qa_defect_rate,181,195,224,5.78,195,87,51
2026-04-27,ENT019,metric_certification,166,188,793,13.08,236,64,70
2026-04-27,ENT020,gross_margin,184,202,8563,9.87,181,74,62
2026-04-27,ENT021,automation_savings,119,119,516,7.59,74,82,63
2026-04-27,ENT022,gross_margin,66,61,7523,2.11,19,97,35
2026-04-27,ENT023,backlog_age,177,135,1406,8.62,42,75,49
2026-04-27,ENT024,automation_savings,88,99,3311,3.01,77,97,19
2026-04-28,ENT001,gross_margin,83,82,3105,3.88,89,90,46
2026-04-28,ENT002,qa_defect_rate,122,100,1966,9.07,92,81,65
2026-04-28,ENT003,qa_defect_rate,167,140,8713,7.8,62,77,37
2026-04-28,ENT004,automation_savings,99,97,7692,3.34,219,97,36
2026-04-28,ENT005,metric_certification,72,58,5278,7.2,58,79,53
2026-04-28,ENT006,backlog_age,236,283,3341,4.99,19,92,29
2026-04-28,ENT007,backlog_age,268,289,6719,10.75,97,75,43
2026-04-28,ENT008,qa_defect_rate,188,150,2262,1.87,175,98,7
2026-04-28,ENT009,launch_readiness,135,150,7557,7.61,25,84,45
2026-04-28,ENT010,metric_certification,138,153,2028,13.09,124,67,61
2026-04-28,ENT011,backlog_age,126,150,7999,3.97,93,90,42
2026-04-28,ENT012,gross_margin,165,170,605,8.55,226,79,65
2026-04-28,ENT013,qa_defect_rate,273,254,3351,7.58,180,80,60
2026-04-28,ENT014,backlog_age,257,257,3598,10.51,78,70,65
2026-04-28,ENT015,qa_defect_rate,201,179,179,12.36,143,69,55
2026-04-28,ENT016,launch_readiness,112,83,4739,13.17,230,66,53
2026-04-28,ENT017,qa_defect_rate,220,213,5723,8.95,176,79,61
2026-04-28,ENT018,metric_certification,222,231,2055,6.24,40,87,29
2026-04-28,ENT019,launch_readiness,257,260,8379,8.23,28,76,56
2026-04-28,ENT020,automation_savings,171,161,5114,11.45,78,73,70
2026-04-28,ENT021,metric_certification,91,75,2790,12.96,40,69,60
2026-04-28,ENT022,automation_savings,148,170,6595,2.18,203,98,24
2026-04-28,ENT023,backlog_age,221,164,6010,2.26,134,96,33
2026-04-28,ENT024,gross_margin,108,137,7371,4.97,148,87,33
2026-04-29,ENT001,qa_defect_rate,163,194,2317,7.24,171,85,27
2026-04-29,ENT002,gross_margin,208,200,5924,6.13,104,82,25
2026-04-29,ENT003,launch_readiness,185,174,3974,4.52,79,94,29
2026-04-29,ENT004,automation_savings,179,193,5584,14.23,166,62,91
2026-04-29,ENT005,gross_margin,237,268,4963,4.81,206,93,44
2026-04-29,ENT006,qa_defect_rate,200,190,3943,5.76,228,85,58
2026-04-29,ENT007,metric_certification,191,151,6067,11.47,83,73,76
2026-04-29,ENT008,qa_defect_rate,264,301,98,13.6,118,65,70
2026-04-29,ENT009,qa_defect_rate,275,226,4280,5.08,151,85,49
2026-04-29,ENT010,gross_margin,195,150,1901,7.65,178,78,49
2026-04-29,ENT011,gross_margin,231,275,8975,5.99,59,86,54
2026-04-29,ENT012,gross_margin,88,74,6449,9.35,24,76,57
2026-04-29,ENT013,launch_readiness,189,189,4549,6.86,163,83,46
2026-04-29,ENT014,gross_margin,108,102,7323,11.26,45,71,62
2026-04-29,ENT015,qa_defect_rate,247,190,2275,9.3,61,75,46
2026-04-29,ENT016,qa_defect_rate,76,73,1847,13.63,161,62,87
2026-04-29,ENT017,launch_readiness,272,204,2945,8.34,86,81,64
2026-04-29,ENT018,automation_savings,125,140,7244,8.95,181,77,57
2026-04-29,ENT019,automation_savings,128,128,4120,3.05,66,96,18
2026-04-29,ENT020,backlog_age,67,60,5452,5.5,157,91,48
2026-04-29,ENT021,launch_readiness,121,100,7375,7.1,139,79,29
2026-04-29,ENT022,metric_certification,271,341,3888,11.95,59,68,65
2026-04-29,ENT023,metric_certification,147,162,7710,7.28,194,84,43
2026-04-29,ENT024,qa_defect_rate,170,150,7017,8.88,127,77,56
2026-04-30,ENT001,qa_defect_rate,142,126,796,13.11,230,66,65
2026-04-30,ENT002,automation_savings,204,218,5757,11.39,92,66,65
2026-04-30,ENT003,backlog_age,92,80,8060,2.39,28,97,34
2026-04-30,ENT004,automation_savings,122,109,2567,1.62,216,97,15
2026-04-30,ENT005,automation_savings,261,300,3658,9.74,188,75,67
2026-04-30,ENT006,qa_defect_rate,279,299,859,4.31,46,94,45
2026-04-30,ENT007,qa_defect_rate,133,165,1996,7.19,209,81,43
2026-04-30,ENT008,qa_defect_rate,148,178,3318,6.42,147,85,49
2026-04-30,ENT009,launch_readiness,140,178,2544,5.74,212,88,37
2026-04-30,ENT010,automation_savings,266,258,1317,6.63,172,80,50
2026-04-30,ENT011,qa_defect_rate,175,156,5996,13.9,156,64,56
2026-04-30,ENT012,launch_readiness,99,123,8919,12.91,132,63,73
2026-04-30,ENT013,automation_savings,248,236,3686,9.26,195,77,65
2026-04-30,ENT014,backlog_age,206,159,7686,14.13,70,65,78
2026-04-30,ENT015,qa_defect_rate,71,55,2669,14.09,119,63,72
2026-04-30,ENT016,gross_margin,99,126,7449,3.58,186,92,32
2026-04-30,ENT017,metric_certification,145,141,6212,1.84,173,99,31
2026-04-30,ENT018,qa_defect_rate,196,145,8952,2.53,56,98,31
2026-04-30,ENT019,qa_defect_rate,270,343,3197,11.75,37,70,79
2026-04-30,ENT020,automation_savings,113,85,2181,5.82,127,88,51
2026-04-30,ENT021,gross_margin,201,209,2137,3.4,101,97,20
2026-04-30,ENT022,qa_defect_rate,179,163,372,5.4,22,87,27
2026-04-30,ENT023,metric_certification,95,105,2734,10.26,222,73,41
2026-04-30,ENT024,automation_savings,163,179,2658,13.91,35,59,82
